split,volume_id,lesion_id_6conn,voxel_count,physical_volume_ml,equivalent_spherical_diameter_mm,bbox_x_mm,bbox_y_mm,bbox_z_mm,axial_span_slices,surface_voxel_per_mm3_proxy,centroid_distance_from_liver_centre_normalized,tiny_under_0_001_ml
train,0,1,46,0.113708,6.010788,4.921875,5.625000,5.000000,1,0.404543,0.250947,False
train,0,2,43,0.106293,5.877171,5.625000,5.625000,5.000000,1,0.404543,0.165492,False
train,0,3,98,0.242249,7.734297,6.328125,9.140625,5.000000,1,0.404543,0.136224,False
train,0,4,329,0.813263,11.580948,11.250000,9.843750,15.000000,3,0.352899,0.311539,False
train,0,5,1085,2.682037,17.238074,16.171875,18.281250,20.000000,4,0.259877,0.223994,False
train,0,6,147,0.363373,8.853560,8.437500,8.437500,15.000000,3,0.393535,0.032971,False
train,0,7,361,0.892365,11.944864,11.250000,13.359375,10.000000,2,0.404543,0.154375,False
train,0,8,137,0.338654,8.648066,7.734375,9.140625,10.000000,2,0.404543,0.163105,False
train,0,9,52,0.128540,6.261522,5.625000,7.031250,5.000000,1,0.404543,0.202340,False
train,0,10,134,0.331238,8.584475,7.031250,7.734375,15.000000,3,0.383410,0.318567,False
train,0,11,159,0.393036,9.088200,8.437500,8.437500,15.000000,3,0.368923,0.300307,False
train,1,1,169,0.385895,9.032820,7.433591,8.109372,10.000000,2,0.437943,0.161854,False
train,1,2,148,0.337943,8.642015,8.109372,6.082029,15.000000,3,0.372844,0.161095,False
train,1,3,80,0.182672,7.039759,6.082029,6.757810,10.000000,2,0.437943,0.141045,False
train,1,4,622,1.420275,13.946265,14.191401,14.867182,15.000000,3,0.394994,0.301638,False
train,1,5,1899,4.336176,20.231874,20.949211,25.679678,25.000000,5,0.344543,0.226041,False
train,1,6,751,1.714833,14.850501,14.867182,14.191401,20.000000,4,0.328895,0.035281,False
train,1,7,608,1.388307,13.840836,17.570306,14.191401,15.000000,3,0.365193,0.107449,False
train,1,8,1252,2.858817,17.608778,20.273430,18.921868,20.000000,4,0.329157,0.155115,False
train,1,9,327,0.746672,11.255817,9.460934,12.839839,10.000000,2,0.437943,0.174557,False
train,1,10,186,0.424712,9.326072,6.757810,14.191401,10.000000,2,0.437943,0.208793,False
train,1,11,383,0.874542,11.864808,14.867182,12.839839,10.000000,2,0.437943,0.323249,False
train,1,12,769,1.755935,14.968211,18.921868,13.515620,15.000000,3,0.361631,0.305549,False
train,2,1,14131,8.495990,25.316585,29.464844,28.689453,29.000000,29,0.355344,0.159085,False
train,3,1,2793,1.342727,13.687675,14.560547,16.640625,15.000000,15,0.708260,0.136305,False
train,4,1,1487023,968.616668,122.758368,109.183623,198.515677,195.200003,244,0.115020,0.129781,False
train,4,2,2,0.001303,1.355050,0.902344,0.902344,1.600000,2,1.535203,0.217874,False
train,4,3,1,0.000651,1.075504,0.902344,0.902344,0.800000,1,1.535203,0.183392,True
train,4,4,1,0.000651,1.075504,0.902344,0.902344,0.800000,1,1.535203,0.341124,True
train,4,5,1,0.000651,1.075504,0.902344,0.902344,0.800000,1,1.535203,0.299444,True
train,4,6,1,0.000651,1.075504,0.902344,0.902344,0.800000,1,1.535203,0.250447,True
train,4,7,1,0.000651,1.075504,0.902344,0.902344,0.800000,1,1.535203,0.250989,True
train,4,8,1,0.000651,1.075504,0.902344,0.902344,0.800000,1,1.535203,0.251567,True
train,4,9,1,0.000651,1.075504,0.902344,0.902344,0.800000,1,1.535203,0.252182,True
train,4,10,1,0.000651,1.075504,0.902344,0.902344,0.800000,1,1.535203,0.252834,True
train,4,11,1,0.000651,1.075504,0.902344,0.902344,0.800000,1,1.535203,0.253521,True
train,4,12,2,0.001303,1.355050,1.804688,0.902344,0.800000,1,1.535203,0.236833,False
train,4,13,1,0.000651,1.075504,0.902344,0.902344,0.800000,1,1.535203,0.244181,True
train,4,14,1,0.000651,1.075504,0.902344,0.902344,0.800000,1,1.535203,0.231701,True
train,4,15,2,0.001303,1.355050,0.902344,1.804688,0.800000,1,1.535203,0.211986,False
train,4,16,2425,1.579596,14.449377,26.167976,14.437504,16.800000,21,0.847052,0.197264,False
train,4,17,1,0.000651,1.075504,0.902344,0.902344,0.800000,1,1.535203,0.092225,True
train,4,18,2,0.001303,1.355050,1.804688,0.902344,0.800000,1,1.535203,0.181127,False
train,4,19,1,0.000651,1.075504,0.902344,0.902344,0.800000,1,1.535203,0.111793,True
train,4,20,1,0.000651,1.075504,0.902344,0.902344,0.800000,1,1.535203,0.169552,True
train,4,21,1,0.000651,1.075504,0.902344,0.902344,0.800000,1,1.535203,0.185157,True
train,4,22,1,0.000651,1.075504,0.902344,0.902344,0.800000,1,1.535203,0.131991,True
train,4,23,1,0.000651,1.075504,0.902344,0.902344,0.800000,1,1.535203,0.131314,True
train,4,24,1,0.000651,1.075504,0.902344,0.902344,0.800000,1,1.535203,0.130707,True
train,4,25,1,0.000651,1.075504,0.902344,0.902344,0.800000,1,1.535203,0.130170,True
train,4,26,1,0.000651,1.075504,0.902344,0.902344,0.800000,1,1.535203,0.129705,True
train,4,27,1,0.000651,1.075504,0.902344,0.902344,0.800000,1,1.535203,0.129313,True
train,4,28,1,0.000651,1.075504,0.902344,0.902344,0.800000,1,1.535203,0.195139,True
train,4,29,15236,9.924422,26.662582,28.875008,27.070320,35.200001,44,0.302486,0.095223,False
train,4,30,1,0.000651,1.075504,0.902344,0.902344,0.800000,1,1.535203,0.080902,True
train,4,31,1980,1.289732,13.505177,19.851568,18.046880,10.400000,13,0.753645,0.203859,False
train,4,32,875,0.569957,10.286822,16.242192,20.753912,4.000000,5,1.033411,0.222093,False
train,4,33,8676,5.651371,22.099633,23.460944,25.265632,24.000000,30,0.358674,0.310525,False
train,4,34,7,0.004560,2.057364,1.804688,3.609376,0.800000,1,1.535203,0.329121,False
train,5,1,540,0.405416,9.182635,11.625000,13.562500,8.799868,11,0.693116,0.173567,False
train,6,1,143,0.108996,5.926580,7.857422,6.984375,6.000000,6,0.963337,0.190334,False
train,6,2,8241,6.281380,22.892091,28.810547,22.699219,28.000000,28,0.293725,0.098893,False
train,6,3,17140,13.064294,29.221047,32.302734,30.556641,32.000000,32,0.237977,0.201715,False
train,6,4,2814,2.144861,16.000499,15.714844,18.333984,17.000000,17,0.396296,0.190231,False
train,6,5,1153,0.878829,11.884163,11.349609,14.841797,15.000000,15,0.490425,0.244868,False
train,6,6,1225,0.933708,12.126557,15.714844,13.095703,13.000000,13,0.494801,0.333262,False
train,6,7,751,0.572420,10.301619,13.095703,12.222656,8.000000,8,0.585234,0.370472,False
train,7,1,315,0.176266,6.956485,7.480469,8.976562,7.000000,7,1.089264,0.188210,False
train,7,2,6869,3.843715,19.434983,21.693359,19.449219,22.000000,22,0.411841,0.092586,False
train,7,3,21322,11.931240,28.350604,32.166016,35.906250,37.000000,37,0.316564,0.189496,False
train,7,4,1323,0.740317,11.223792,11.220703,13.464844,11.000000,11,0.687544,0.247346,False
train,7,5,1543,0.863423,11.814309,12.716797,11.968750,14.000000,14,0.649740,0.346456,False
train,7,6,1050,0.587553,10.391608,17.205078,12.716797,11.000000,11,0.890133,0.387960,False
train,8,1,511,0.367164,8.884247,7.628906,11.019531,12.000000,12,0.691788,0.205319,False
train,8,2,4807,3.453931,18.754479,21.191406,19.496094,21.000000,21,0.349457,0.106691,False
train,8,3,11496,8.260119,25.080098,24.582031,27.125000,24.000000,24,0.270577,0.212006,False
train,8,4,1,0.000719,1.111255,0.847656,0.847656,1.000000,1,1.391748,0.202921,True
train,8,5,1841,1.322797,13.619617,12.714844,15.257812,14.000000,14,0.462656,0.192866,False
train,8,6,1123,0.806899,11.550662,13.562500,15.257812,13.000000,13,0.525468,0.258596,False
train,8,7,1048,0.753010,11.287577,11.019531,11.867188,14.000000,14,0.579009,0.355839,False
train,9,1,467,0.314250,8.435140,7.382812,9.023438,10.000000,10,0.770087,0.191304,False
train,9,2,13331,8.970598,25.779486,30.351562,31.171875,31.000000,31,0.316924,0.206362,False
train,9,3,5670,3.815414,19.387168,22.148438,18.046875,21.000000,21,0.369291,0.100262,False
train,9,4,876,0.589471,10.402907,11.484375,12.304688,10.000000,10,0.619199,0.253571,False
train,9,5,858,0.577359,10.331160,10.664062,11.484375,10.000000,10,0.670294,0.345461,False
train,9,6,977,0.657436,10.788263,11.484375,13.125000,9.000000,9,0.638846,0.382451,False
train,10,1,554,0.328067,8.556994,9.234375,10.003906,10.000000,10,0.780329,0.190539,False
train,10,2,14570,8.628038,25.447072,28.472656,34.628906,32.000000,32,0.346892,0.192333,False
train,10,3,6271,3.713550,19.213076,21.546875,19.238281,22.000000,22,0.393693,0.088978,False
train,10,4,1387,0.821351,11.619215,12.312500,14.621094,11.000000,11,0.636756,0.247059,False
train,10,5,1206,0.714167,11.090056,13.082031,12.312500,12.000000,12,0.648308,0.343513,False
train,10,6,322,0.190681,7.141179,14.621094,9.234375,4.000000,4,1.410730,0.384552,False
train,11,1,4428,1.998870,15.628909,16.125000,16.796875,19.000000,19,0.656371,0.232064,False
train,11,2,2107,0.951134,12.201530,13.437500,12.765625,16.000000,16,0.810612,0.199729,False
train,11,3,960,0.433359,9.388939,12.093750,14.109375,11.000000,11,1.176852,0.218602,False
train,11,4,2857,1.289696,13.505050,15.453125,20.828125,13.000000,13,0.852914,0.212294,False
train,11,5,197,0.088929,5.537939,9.406250,6.718750,3.000000,3,1.810434,0.394771,False
train,12,1,790,0.338202,8.644225,11.777344,7.197266,9.000000,9,1.055581,0.174138,False
train,13,1,514,0.369320,8.901599,16.953125,20.343750,6.000000,6,1.248240,0.194166,False
train,13,2,199,0.142986,6.487808,11.867188,9.324219,3.000000,3,1.181936,0.167462,False
train,13,3,7779,5.589376,22.018525,26.277344,26.277344,22.000000,22,0.322218,0.276681,False
train,13,4,19,0.013652,2.965274,2.542969,4.238281,2.000000,2,1.391748,0.226413,False
train,13,5,1684,1.209990,13.220899,10.171875,18.648438,13.000000,13,0.520666,0.152110,False
train,13,6,912,0.655291,10.776521,18.648438,13.562500,10.000000,10,0.682139,0.218812,False
train,13,7,1482,1.064848,12.669604,16.953125,13.562500,14.000000,14,0.596329,0.128982,False
train,13,8,10877,7.815354,24.621623,37.296875,31.363281,26.000000,26,0.334214,0.293853,False
train,13,9,185,0.132926,6.331951,6.781250,7.628906,7.000000,7,0.910278,0.196930,False
train,14,1,2610,1.226633,13.281243,17.138672,15.082031,16.000000,16,0.835620,0.304528,False
train,14,2,2,0.000940,1.215351,0.685547,1.371094,1.000000,1,2.127775,0.298425,True
train,15,1,5,0.002141,1.598970,1.962891,1.308594,2.000000,2,2.335879,0.279838,False
train,15,2,3,0.001284,1.348624,1.962891,0.654297,1.000000,1,2.335879,0.284759,False
train,15,3,12,0.005137,2.140807,4.580078,0.654297,3.000000,3,2.335879,0.284792,False
train,15,4,13,0.005565,2.198694,3.925781,1.308594,3.000000,3,2.335879,0.283756,False
train,15,5,9,0.003853,1.945052,1.962891,2.617188,2.000000,2,2.335879,0.287241,False
train,15,6,833,0.356611,8.798298,13.085938,12.431641,10.000000,10,1.233838,0.309275,False
train,16,1,18792,7.432383,24.212696,30.937500,33.750000,32.800000,41,0.672328,0.310949,False
train,16,2,5715,2.260327,16.282618,28.828125,23.203125,18.400000,23,0.880846,0.237152,False
train,16,3,291003,115.093962,60.351023,79.453125,75.234375,56.000001,70,0.282074,0.083467,False
train,16,4,64,0.025313,3.642885,2.812500,3.515625,4.800000,6,1.935802,0.277684,False
train,16,5,42945,16.985083,31.892582,35.156250,52.734375,49.600001,62,0.579744,0.244658,False
train,16,6,8,0.003164,1.821443,2.812500,1.406250,0.800000,1,2.528395,0.121964,False
train,16,7,2859,1.130757,12.925783,19.687500,16.171875,12.800000,16,1.344232,0.117619,False
train,16,8,130,0.051416,4.613529,7.031250,4.921875,4.800000,6,1.808775,0.153600,False
train,16,9,3,0.001187,1.313487,0.703125,1.406250,1.600000,2,2.528395,0.154126,False
train,16,10,1,0.000396,0.910721,0.703125,0.703125,0.800000,1,2.528395,0.112658,True
train,16,11,13,0.005142,2.141411,2.812500,2.812500,1.600000,2,2.528395,0.157760,False
train,16,12,409,0.161763,6.760206,9.843750,9.843750,4.800000,6,1.650566,0.149865,False
train,16,13,11180,4.421777,20.364141,24.609375,36.562500,27.200000,34,0.610388,0.355836,False
train,17,1,4041,1.790149,15.064806,17.115243,14.138679,16.000000,20,0.620619,0.254753,False
train,17,2,14281,6.326435,22.946695,23.068370,29.765639,24.000000,30,0.436107,0.209179,False
train,17,3,3,0.001329,1.364084,1.488282,0.744141,1.600000,2,2.257353,0.239231,False
train,17,4,14167,6.275934,22.885474,25.300793,27.533216,26.400000,33,0.420336,0.193019,False
train,17,5,1,0.000443,0.945803,0.744141,0.744141,0.800000,1,2.257353,0.229815,True
train,17,6,5183,2.296052,16.367952,15.626961,23.068370,18.400000,23,0.638052,0.290727,False
train,18,1,478,0.324984,8.530106,9.218750,10.140625,12.000000,15,0.747729,0.262624,False
train,18,2,3218,2.187863,16.106722,18.437500,20.281250,20.800000,26,0.508716,0.209267,False
train,18,3,5558,3.778789,19.324933,22.125000,23.046875,21.600000,27,0.423681,0.200126,False
train,18,4,1,0.000680,1.090968,0.921875,0.921875,0.800000,1,1.470842,0.218579,True
train,18,5,955,0.649288,10.743512,12.906250,16.593750,11.200000,14,0.662264,0.294435,False
train,19,1,498,0.225265,7.549159,6.015625,15.039062,7.199892,9,1.251857,0.204358,False
train,19,2,3,0.001357,1.373607,1.503906,1.503906,0.799988,1,2.210726,0.204444,False
train,19,3,12665,5.728886,22.200215,30.830078,48.125000,28.799567,36,0.691408,0.167146,False
train,19,4,200,0.090468,5.569704,6.767578,6.015625,7.199892,9,1.315382,0.186587,False
train,19,5,1,0.000452,0.952406,0.751953,0.751953,0.799988,1,2.210726,0.184317,True
train,19,6,3328,1.505388,14.219464,18.798828,20.302734,19.199711,24,0.798465,0.100539,False
train,19,7,1833,0.829139,11.655823,26.318359,15.791016,13.599796,17,1.049281,0.174352,False
train,20,1,902,0.464979,9.611954,17.660156,12.843750,7.999880,10,1.017249,0.161393,False
train,20,2,32,0.016496,3.158345,1.605469,4.013672,3.999940,5,1.939871,0.151231,False
train,20,3,10,0.005155,2.143267,1.605469,2.408203,3.199952,4,1.939871,0.155273,False
train,20,4,2,0.001031,1.253390,0.802734,1.605469,0.799988,1,1.939871,0.151863,False
train,20,5,1,0.000515,0.994816,0.802734,0.802734,0.799988,1,1.939871,0.250567,True
train,20,6,722,0.372190,8.924596,13.646484,12.041016,8.799868,11,0.988743,0.267544,False
train,21,1,11132,6.558709,23.224155,39.914062,38.378906,33.000000,33,0.489883,0.087237,False
train,21,2,1240,0.730578,11.174362,26.865234,11.513672,8.000000,8,0.995102,0.146704,False
train,21,3,15787,9.301324,26.092482,29.167969,33.005859,32.000000,32,0.402846,0.125499,False
train,21,4,13,0.007659,2.445663,5.373047,1.535156,1.000000,1,1.697285,0.121620,False
train,21,5,8099,4.771738,20.887798,24.562500,29.167969,22.000000,22,0.479909,0.247042,False
train,22,1,9424,29.388857,38.287883,47.851539,46.874977,39.240000,12,0.095955,0.288897,False
train,23,1,42904,22.437400,34.993816,46.871094,34.328125,38.400002,32,0.299946,0.307658,False
train,24,1,1422,0.957280,12.227758,16.748047,16.078125,10.500000,7,0.758398,0.194992,False
train,25,1,454,0.187240,7.097959,10.746094,12.281250,7.700000,11,1.559494,0.127379,False
train,26,1,15,0.007825,2.463193,2.589844,4.316406,1.400000,2,1.916891,0.250693,False
train,26,2,38,0.019824,3.357860,6.042969,6.042969,1.400000,2,1.916891,0.245889,False
train,26,3,456,0.237885,7.687580,8.632812,11.222656,6.300000,9,1.000482,0.215947,False
train,26,4,10,0.005217,2.151797,2.589844,4.316406,0.700000,1,1.916891,0.240060,False
train,26,5,35250,18.389155,32.748221,41.437500,34.531250,28.000000,40,0.284516,0.206347,False
train,26,6,16017,8.355719,25.176483,28.488281,37.121094,31.499999,45,0.469978,0.196953,False
train,26,7,19,0.009912,2.665135,6.906250,5.179688,0.700000,1,1.916891,0.227122,False
train,26,8,1,0.000522,0.998776,0.863281,0.863281,0.700000,1,1.916891,0.206904,True
train,26,9,3,0.001565,1.440484,0.863281,2.589844,0.700000,1,1.916891,0.230729,False
train,27,1,41371,15.784751,31.122875,43.558594,33.222656,39.199999,56,0.409636,0.179840,False
train,27,2,84,0.032049,3.941009,3.691406,4.429688,4.200000,6,1.996912,0.212505,False
train,27,3,68,0.025945,3.672970,3.691406,3.691406,4.200000,6,2.042797,0.196210,False
train,27,4,97660,37.261337,41.440018,53.894531,61.277344,53.899999,77,0.517856,0.166202,False
train,27,5,37,0.014117,2.998575,5.167969,5.906250,0.700000,1,2.620947,0.187191,False
train,27,6,36,0.013735,2.971314,3.691406,5.906250,0.700000,1,2.620947,0.182582,False
train,27,7,2,0.000763,1.133768,0.738281,1.476562,0.700000,1,2.620947,0.167729,True
train,27,8,118,0.045022,4.413756,8.121094,8.859375,0.700000,1,2.620947,0.170195,False
train,27,9,14251,5.437347,21.817056,31.007812,21.410156,24.500000,35,0.566453,0.216360,False
train,27,10,31192,11.901040,28.326664,54.632812,37.652344,36.399999,52,0.604401,0.231819,False
train,27,11,389,0.148420,6.568974,8.859375,4.429688,7.000000,10,1.381219,0.243366,False
train,27,12,2535,0.967208,12.269881,15.503906,11.812500,13.300000,19,0.830225,0.365759,False
train,28,1,162337,162.337000,67.681966,123.000000,97.000000,37.000000,37,0.121014,0.164446,False
train,28,2,766,0.766000,11.352113,17.000000,17.000000,5.000000,5,0.548303,0.197147,False
train,28,3,14464,14.464000,30.229428,38.000000,51.000000,17.000000,17,0.219234,0.247979,False
train,28,4,4859,4.859000,21.014356,32.000000,26.000000,15.000000,15,0.272278,0.075651,False
train,28,5,19426,19.426000,33.352489,57.000000,50.000000,18.000000,18,0.226604,0.108887,False
train,28,6,5224,5.224000,21.527892,38.000000,28.000000,11.000000,11,0.328292,0.240952,False
train,28,7,7192,7.192000,23.948796,36.000000,39.000000,11.000000,11,0.312987,0.289322,False
train,29,1,14062,14.062000,29.946736,41.000000,45.000000,22.000000,22,0.244702,0.190252,False
train,30,1,14252,14.252000,30.081009,33.000000,59.000000,18.000000,18,0.245790,0.180178,False
train,31,1,596,0.596000,10.441171,15.000000,22.000000,5.000000,5,0.639262,0.371380,False
train,31,2,853,0.853000,11.766577,17.000000,14.000000,8.000000,8,0.493552,0.263612,False
train,31,3,35,0.035000,4.058415,5.000000,4.000000,3.000000,3,0.942857,0.144541,False
train,31,4,1059,1.059000,12.646367,15.000000,18.000000,9.000000,9,0.445703,0.081876,False
train,31,5,2374,2.374000,16.551119,22.000000,22.000000,10.000000,10,0.393850,0.162662,False
train,31,6,414,0.414000,9.246994,11.000000,13.000000,8.000000,8,0.557971,0.177706,False
train,31,7,1362,1.362000,13.752854,19.000000,20.000000,9.000000,9,0.430250,0.166504,False
train,31,8,43,0.043000,4.346669,5.000000,5.000000,4.000000,4,0.860465,0.317404,False
train,33,1,357147,357.147000,88.027046,191.000000,189.000000,78.000000,78,0.139847,0.068473,False
train,33,2,6333,6.333000,22.954630,27.000000,49.000000,14.000000,14,0.304595,0.200934,False
train,33,3,445,0.445000,9.472264,11.000000,13.000000,5.000000,5,0.525843,0.133766,False
train,33,4,605,0.605000,10.493465,14.000000,14.000000,5.000000,5,0.522314,0.124990,False
train,33,5,12118,12.118000,28.497763,40.000000,47.000000,19.000000,19,0.246740,0.298727,False
train,33,6,24897,24.897000,36.228426,47.000000,69.000000,21.000000,21,0.228983,0.205384,False
train,33,7,1911,1.911000,15.396453,22.000000,26.000000,7.000000,7,0.458922,0.079398,False
train,33,8,1118,1.118000,12.876991,21.000000,15.000000,7.000000,7,0.455277,0.120938,False
train,33,9,1782,1.782000,15.041911,20.000000,21.000000,10.000000,10,0.361953,0.116540,False
train,33,10,10680,10.680000,27.322738,36.000000,34.000000,17.000000,17,0.227247,0.178570,False
train,33,11,711,0.711000,11.073638,14.000000,15.000000,6.000000,6,0.483826,0.262270,False
train,33,12,798,0.798000,11.508042,17.000000,15.000000,5.000000,5,0.508772,0.112051,False
train,33,13,14095,14.095000,29.970143,63.000000,33.000000,16.000000,16,0.249876,0.342087,False
train,33,14,722,0.722000,11.130453,17.000000,20.000000,6.000000,6,0.624654,0.334985,False
train,33,15,1359,1.359000,13.742749,31.000000,18.000000,6.000000,6,0.587932,0.312940,False
train,35,1,10767,10.767000,27.396728,43.000000,42.000000,14.000000,14,0.253460,0.039525,False
train,35,2,8421,8.421000,25.241879,45.000000,35.000000,22.000000,22,0.331908,0.240214,False
train,35,3,1129,1.129000,12.919086,24.000000,20.000000,6.000000,6,0.654562,0.277545,False
train,35,4,1,0.001000,1.240701,1.000000,1.000000,1.000000,1,1.000000,0.272738,False
train,36,1,39483,39.483000,42.247775,57.000000,68.000000,30.000000,30,0.167667,0.205159,False
train,36,2,1,0.001000,1.240701,1.000000,1.000000,1.000000,1,1.000000,0.247224,False
train,37,1,195,0.195000,7.194689,10.000000,13.000000,4.000000,4,0.794872,0.297668,False
train,37,2,524,0.524000,10.002554,20.000000,17.000000,5.000000,5,0.782443,0.220717,False
train,37,3,2041,2.041000,15.737949,27.000000,27.000000,8.000000,8,0.482607,0.188988,False
train,37,4,2070,2.070000,15.812137,22.000000,29.000000,9.000000,9,0.447343,0.096922,False
train,37,5,5089,5.089000,21.340829,29.000000,36.000000,12.000000,12,0.343682,0.128425,False
train,37,6,204,0.204000,7.303716,13.000000,14.000000,3.000000,3,0.931373,0.172725,False
train,37,7,56,0.056000,4.746751,6.000000,8.000000,2.000000,2,1.000000,0.167037,False
train,37,8,4802,4.802000,20.931861,30.000000,30.000000,13.000000,13,0.344856,0.268855,False
train,39,1,348986,348.986000,87.351385,117.000000,92.000000,76.000000,76,0.075748,0.282388,False
train,40,1,367,0.367000,8.882921,13.000000,16.000000,4.000000,4,0.694823,0.243899,False
train,40,2,4417,4.417000,20.356804,34.000000,31.000000,13.000000,13,0.418384,0.308584,False
train,40,3,11169,11.169000,27.733535,50.000000,49.000000,16.000000,16,0.312562,0.218271,False
train,40,4,23047,23.047000,35.307903,58.000000,51.000000,22.000000,22,0.242721,0.225511,False
train,40,5,1924,1.924000,15.431287,39.000000,28.000000,8.000000,8,0.718295,0.133723,False
train,40,6,1066,1.066000,12.674170,23.000000,28.000000,5.000000,5,0.764540,0.075454,False
train,40,7,444,0.444000,9.465163,16.000000,12.000000,5.000000,5,0.632883,0.278994,False
train,40,8,39325,39.325000,42.191345,60.000000,77.000000,33.000000,33,0.286434,0.068526,False
train,40,9,566,0.566000,10.262959,17.000000,19.000000,5.000000,5,0.766784,0.181948,False
train,40,10,990,0.990000,12.365514,23.000000,21.000000,8.000000,8,0.627273,0.108509,False
train,40,11,11909,11.909000,28.332978,44.000000,52.000000,28.000000,28,0.377530,0.131057,False
train,40,12,2536,2.536000,16.919345,34.000000,28.000000,7.000000,7,0.535883,0.162196,False
train,40,13,18280,18.280000,32.683297,60.000000,64.000000,22.000000,22,0.343162,0.241339,False
train,40,14,960,0.960000,12.239327,22.000000,15.000000,6.000000,6,0.550000,0.171242,False
train,40,15,1156,1.156000,13.021262,20.000000,20.000000,7.000000,7,0.541522,0.190397,False
train,40,16,3166,3.166000,18.218143,41.000000,28.000000,7.000000,7,0.567909,0.272289,False
train,40,17,690,0.690000,10.963524,19.000000,15.000000,5.000000,5,0.601449,0.366909,False
train,40,18,468,0.468000,9.632723,14.000000,18.000000,4.000000,4,0.713675,0.350139,False
train,42,1,86,0.086000,5.476460,8.000000,9.000000,3.000000,3,0.860465,0.141486,False
train,42,2,1552,1.552000,14.364738,22.000000,23.000000,7.000000,7,0.496134,0.322430,False
train,43,1,7337,7.337000,24.108673,34.000000,35.000000,15.000000,15,0.260188,0.124116,False
train,44,1,96961,96.961000,56.998858,81.000000,87.000000,30.000000,30,0.128907,0.128176,False
train,44,2,89029,89.029000,55.400152,105.000000,71.000000,28.000000,28,0.146480,0.246833,False
train,45,1,4539,4.539000,20.542526,34.000000,37.000000,11.000000,11,0.452743,0.192479,False
train,46,1,53,0.053000,4.660427,6.000000,8.000000,2.000000,2,1.000000,0.273968,False
train,46,2,1260,1.260000,13.400592,25.000000,25.000000,5.000000,5,0.681746,0.203991,False
train,46,3,108,0.108000,5.908470,9.000000,10.000000,2.000000,2,1.000000,0.213913,False
train,46,4,484,0.484000,9.741270,16.000000,17.000000,3.000000,3,0.752066,0.201915,False
train,46,5,891,0.891000,11.938773,22.000000,29.000000,5.000000,5,0.795735,0.225303,False
train,46,6,434,0.434000,9.393563,15.000000,17.000000,3.000000,3,0.764977,0.190412,False
train,46,7,97,0.097000,5.700650,10.000000,10.000000,2.000000,2,1.000000,0.163366,False
train,46,8,356,0.356000,8.793271,16.000000,16.000000,2.000000,2,1.000000,0.158217,False
train,46,9,4572,4.572000,20.592190,37.000000,55.000000,6.000000,6,0.563430,0.145030,False
train,46,10,941,0.941000,12.158043,23.000000,25.000000,4.000000,4,0.737513,0.264282,False
train,46,11,758,0.758000,11.312455,21.000000,20.000000,4.000000,4,0.695251,0.287958,False
train,46,12,514,0.514000,9.938515,16.000000,18.000000,4.000000,4,0.791829,0.211176,False
train,46,13,67,0.067000,5.039167,9.000000,7.000000,2.000000,2,1.000000,0.139938,False
train,46,14,80,0.080000,5.346018,10.000000,9.000000,2.000000,2,1.000000,0.221376,False
train,46,15,26,0.026000,3.675572,5.000000,6.000000,1.000000,1,1.000000,0.125351,False
train,46,16,72,0.072000,5.161524,8.000000,8.000000,2.000000,2,1.000000,0.112759,False
train,46,17,1047,1.047000,12.598418,20.000000,25.000000,4.000000,4,0.656160,0.294972,False
train,46,18,4097,4.097000,19.852831,40.000000,36.000000,6.000000,6,0.491823,0.117371,False
train,46,19,567,0.567000,10.269000,18.000000,17.000000,5.000000,5,0.738977,0.122972,False
train,46,20,55,0.055000,4.718327,7.000000,7.000000,2.000000,2,1.000000,0.144427,False
train,46,21,10894,10.894000,27.504025,57.000000,52.000000,9.000000,9,0.384799,0.081464,False
train,46,22,2904,2.904000,17.701062,33.000000,32.000000,7.000000,7,0.516529,0.145054,False
train,46,23,1045,1.045000,12.590391,25.000000,24.000000,3.000000,3,0.775120,0.064520,False
train,46,24,67,0.067000,5.039167,10.000000,10.000000,1.000000,1,1.000000,0.288663,False
train,46,25,202,0.202000,7.279769,12.000000,11.000000,3.000000,3,0.841584,0.147980,False
train,46,26,142,0.142000,6.472865,13.000000,12.000000,2.000000,2,1.000000,0.295016,False
train,46,27,214,0.214000,7.421159,15.000000,14.000000,2.000000,2,1.000000,0.300665,False
train,46,28,512,0.512000,9.925608,18.000000,18.000000,3.000000,3,0.806641,0.231523,False
train,46,29,38,0.038000,4.171206,7.000000,7.000000,1.000000,1,1.000000,0.044544,False
train,46,30,209,0.209000,7.362905,13.000000,12.000000,2.000000,2,1.000000,0.137407,False
train,46,31,982,0.982000,12.332117,34.000000,26.000000,4.000000,4,0.807536,0.025724,False
train,46,32,2620,2.620000,17.104126,30.000000,32.000000,7.000000,7,0.577481,0.193384,False
train,46,33,294,0.294000,8.249917,18.000000,15.000000,3.000000,3,0.928571,0.072143,False
train,46,34,75,0.075000,5.232239,10.000000,10.000000,1.000000,1,1.000000,0.294695,False
train,46,35,170,0.170000,6.873059,18.000000,14.000000,4.000000,4,1.000000,0.274962,False
train,46,36,248,0.248000,7.795028,13.000000,11.000000,4.000000,4,0.766129,0.193397,False
train,46,37,1186,1.186000,13.132942,23.000000,22.000000,5.000000,5,0.569140,0.123965,False
train,46,38,627,0.627000,10.619147,19.000000,20.000000,3.000000,3,0.755981,0.097988,False
train,46,39,168,0.168000,6.846000,11.000000,15.000000,2.000000,2,1.000000,0.195328,False
train,46,40,118,0.118000,6.085475,10.000000,10.000000,2.000000,2,1.000000,0.232167,False
train,46,41,672,0.672000,10.867347,21.000000,18.000000,5.000000,5,0.742560,0.231922,False
train,46,42,124,0.124000,6.186918,11.000000,12.000000,2.000000,2,1.000000,0.165816,False
train,46,43,56,0.056000,4.746751,10.000000,9.000000,1.000000,1,1.000000,0.262125,False
train,46,44,443,0.443000,9.458052,18.000000,18.000000,4.000000,4,0.846501,0.274263,False
train,46,45,54,0.054000,4.689556,8.000000,8.000000,2.000000,2,1.000000,0.234031,False
train,46,46,241,0.241000,7.720987,15.000000,14.000000,2.000000,2,1.000000,0.283539,False
train,46,47,89,0.089000,5.539414,10.000000,12.000000,1.000000,1,1.000000,0.330473,False
train,46,48,127,0.127000,6.236415,12.000000,14.000000,1.000000,1,1.000000,0.373044,False
train,46,49,118,0.118000,6.085475,13.000000,13.000000,1.000000,1,1.000000,0.389446,False
train,46,50,298,0.298000,8.287163,13.000000,15.000000,2.000000,2,1.000000,0.439540,False
train,48,1,34339,81.870476,53.873629,54.687473,55.664035,50.000000,20,0.073409,0.111819,False
train,48,2,178,0.424385,9.323673,12.695306,10.742182,5.000000,2,0.419431,0.112485,False
train,48,3,269,0.641345,10.699524,18.554678,11.718744,5.000000,2,0.419431,0.128638,False
train,48,4,692,1.649855,14.660509,19.531240,20.507802,7.500000,3,0.359426,0.370511,False
train,49,1,3979,9.073853,25.878020,23.876953,34.382812,27.500000,11,0.173245,0.183125,False
train,49,2,44,0.100339,5.765327,8.595703,5.730469,2.500000,1,0.438513,0.199459,False
train,49,3,112,0.255409,7.871891,12.416016,10.505859,2.500000,1,0.438513,0.165404,False
train,49,4,63,0.143667,6.498103,7.640625,9.550781,2.500000,1,0.438513,0.224529,False
train,49,5,122,0.278213,8.099527,14.326172,10.505859,2.500000,1,0.438513,0.240856,False
train,49,6,168,0.383113,9.011066,12.416016,8.595703,7.500000,3,0.388919,0.126162,False
train,49,7,79,0.180154,7.007268,7.640625,6.685547,5.000000,2,0.438513,0.094742,False
train,49,8,110,0.250848,7.824753,10.505859,9.550781,5.000000,2,0.438513,0.161351,False
train,49,9,33,0.075254,5.238147,7.640625,4.775391,2.500000,1,0.438513,0.208319,False
train,49,10,58,0.132265,6.321436,10.505859,6.685547,2.500000,1,0.438513,0.108209,False
train,49,11,69,0.157350,6.698169,10.505859,7.640625,2.500000,1,0.438513,0.149526,False
train,49,12,73,0.166472,6.825179,9.550781,7.640625,2.500000,1,0.438513,0.208072,False
train,49,13,2223,5.069408,21.313407,24.832031,31.517578,22.500000,9,0.215212,0.126692,False
train,49,14,75,0.171033,6.886948,11.460938,7.640625,2.500000,1,0.438513,0.259431,False
train,49,15,84,0.191557,7.152088,7.640625,8.595703,5.000000,2,0.438513,0.135505,False
train,49,16,75,0.171033,6.886948,10.505859,7.640625,2.500000,1,0.438513,0.237380,False
train,49,17,145,0.330663,8.579508,13.371094,7.640625,5.000000,2,0.438513,0.210333,False
train,49,18,151,0.344346,8.696251,11.460938,9.550781,5.000000,2,0.438513,0.219780,False
train,49,19,79,0.180154,7.007268,10.505859,7.640625,2.500000,1,0.438513,0.208542,False
train,49,20,119,0.271372,8.032586,13.371094,9.550781,2.500000,1,0.438513,0.267102,False
train,49,21,103,0.234885,7.655122,12.416016,8.595703,2.500000,1,0.438513,0.319866,False
train,49,22,51,0.116302,6.056148,7.640625,6.685547,2.500000,1,0.438513,0.417736,False
train,50,1,3014,6.188413,22.778593,27.187500,21.750000,17.500000,7,0.225744,0.120159,False
train,51,1,162,0.395713,9.108787,14.437500,10.828125,3.000000,1,0.409388,0.261218,False
train,51,2,861,2.103141,15.896076,21.656250,16.242188,12.000000,4,0.268170,0.261663,False
train,51,3,5902,14.416654,30.196408,39.703125,39.703125,30.000000,10,0.176254,0.177238,False
train,51,4,64760,158.187486,67.100306,77.601562,68.578125,66.000000,22,0.071940,0.052505,False
train,51,5,279,0.681506,10.918349,18.046875,12.632812,6.000000,2,0.409388,0.097694,False
train,51,6,2384,5.823332,22.321548,21.656250,21.656250,21.000000,7,0.173955,0.172391,False
train,51,7,4777,11.668648,28.141072,35.191406,34.289062,21.000000,7,0.181769,0.145743,False
train,51,8,895,2.186192,16.102621,19.851562,14.437500,12.000000,4,0.274907,0.136094,False
train,51,9,6986,17.064512,31.942219,32.484375,28.875000,36.000000,12,0.129216,0.295680,False
train,51,10,37888,92.547984,56.120661,72.187500,63.164062,48.000000,16,0.096372,0.315223,False
train,51,11,1,0.002443,1.670920,0.902344,0.902344,3.000000,1,0.409388,0.429350,False
train,52,1,2108,3.682635,19.159612,33.437519,20.898449,17.500000,7,0.345133,0.245394,False
train,52,2,16188,28.280124,37.800212,37.617209,43.468775,35.000000,14,0.145367,0.317293,False
train,53,1,1810,5.230900,21.537367,30.600001,23.800001,24.000000,6,0.203024,0.183570,False
train,53,2,451,1.303390,13.552682,11.900000,11.900000,16.000000,4,0.224798,0.247501,False
train,54,1,513,1.759054,14.977070,13.250000,13.250000,20.000000,4,0.213183,0.050617,False
train,55,1,2797,3.101714,18.093992,19.314463,21.312511,15.000000,6,0.476833,0.435387,False
train,56,1,29219,37.656390,41.585956,40.939435,47.361307,46.000000,23,0.136710,0.190240,False
train,56,2,239078,308.115073,83.798859,101.947220,85.892540,86.000000,43,0.071564,0.324124,False
train,57,1,5653,3.493446,18.825730,23.203125,20.390625,21.250000,17,0.446837,0.210468,False
train,57,2,951,0.587700,10.392475,12.656250,13.359375,6.250000,5,0.915433,0.322732,False
train,58,1,189,0.176640,6.961399,6.152346,6.835940,6.000000,3,0.781251,0.139354,False
train,58,2,207,0.193463,7.175730,7.519534,7.519534,6.000000,3,0.935582,0.097834,False
train,58,3,121,0.113087,5.999813,5.468752,6.152346,6.000000,3,0.857748,0.055501,False
train,58,4,538,0.502816,9.865900,8.203128,10.937504,14.000000,7,0.610562,0.211223,False
train,58,5,388,0.362625,8.847485,9.570316,8.203128,10.000000,5,0.705963,0.127873,False
train,59,1,697,0.651417,10.755243,12.988286,10.937504,8.000000,4,0.744531,0.152657,False
train,60,1,11368,14.508437,30.260354,31.953120,35.148432,36.000000,18,0.207741,0.161618,False
train,61,1,407,0.584329,10.372567,12.124992,11.367180,7.500000,3,0.532234,0.229769,False
train,61,2,2509,3.602165,19.019029,23.492173,20.460925,20.000000,8,0.313700,0.244766,False
train,62,1,191,0.158691,6.717136,7.734372,7.089841,6.000000,3,1.008252,0.237311,False
train,62,2,3005,2.496676,16.831436,18.046868,18.691399,20.000000,10,0.490652,0.096189,False
train,63,1,154,0.421919,9.305579,8.882808,8.142574,10.000000,2,0.364999,0.204022,False
train,63,2,62,0.169863,6.871218,6.662106,6.662106,5.000000,1,0.364999,0.111707,False
train,63,3,18,0.049315,4.549818,4.441404,2.960936,5.000000,1,0.364999,0.124583,False
train,63,4,436,1.194523,13.164327,14.064446,13.324212,15.000000,3,0.314770,0.268182,False
train,63,5,18,0.049315,4.549818,3.701170,3.701170,5.000000,1,0.364999,0.129058,False
train,64,1,179093,216.438789,74.492433,67.628927,82.398463,76.000000,38,0.075569,0.150760,False
train,65,1,1670,0.521190,9.984642,11.875000,11.250000,7.989500,10,1.199179,0.276728,False
train,66,1,633,1.608496,14.536966,17.822275,12.832038,15.000000,3,0.330744,0.192677,False
train,66,2,696,1.768583,15.004066,14.970711,13.544929,20.000000,4,0.299109,0.084797,False
train,66,3,745,1.893095,15.348218,17.822275,14.970711,15.000000,3,0.335429,0.157058,False
train,66,4,32,0.081314,5.375133,4.990237,4.277346,5.000000,1,0.393535,0.178572,False
train,66,5,227,0.576822,10.327959,9.267583,9.980474,10.000000,2,0.393535,0.336330,False
train,67,1,525,0.663381,10.820684,12.085946,10.664070,12.500000,5,0.533630,0.107082,False
train,68,1,4888,5.420382,21.794342,22.644543,24.642591,22.499451,9,0.373405,0.184601,False
train,69,1,3113,3.538700,18.906671,24.125000,19.601562,20.000000,10,0.378670,0.251024,False
train,70,1,189,0.084387,5.442001,7.171872,5.378904,3.750000,3,1.872331,0.236095,False
train,70,2,35614,15.901326,31.199304,36.457017,34.664049,30.000000,24,0.440152,0.134191,False
train,70,3,84862,37.890110,41.671815,41.835921,56.179665,40.000000,32,0.366534,0.187713,False
train,71,1,135343,209.679321,73.708741,82.939453,90.175781,85.000000,17,0.184024,0.327149,False
train,71,2,214,0.331538,8.587070,9.462891,8.906250,5.000000,1,0.645476,0.290099,False
train,71,3,3335,5.166728,21.448932,21.708984,25.048828,20.000000,4,0.448833,0.181389,False
train,71,4,3586,5.555589,21.974069,23.378906,25.048828,20.000000,4,0.475197,0.152849,False
train,71,5,136,0.210697,7.382782,8.349609,7.236328,5.000000,1,0.645476,0.242392,False
train,71,6,84,0.130136,6.287338,5.566406,5.566406,5.000000,1,0.645476,0.183538,False
train,71,7,43,0.066617,5.029559,4.453125,4.453125,5.000000,1,0.645476,0.214380,False
train,72,1,320,0.367459,8.886621,9.488276,7.455074,10.000000,4,0.606871,0.417367,False
train,72,2,27,0.031004,3.897695,4.066404,4.066404,2.500000,1,0.870846,0.195948,False
train,72,3,3390,3.892766,19.517307,22.365223,21.687489,17.500000,7,0.406652,0.071040,False
train,72,4,18627,21.389542,34.440355,39.308573,36.597637,35.000000,14,0.242969,0.125091,False
train,73,1,592,2.142396,15.994366,17.121094,18.072266,16.000000,4,0.223581,0.145595,False
train,74,1,36723,125.328285,62.089309,75.181651,74.355479,50.000000,10,0.099076,0.391441,False
train,74,2,421,1.436789,14.000111,14.871096,11.566408,15.000000,3,0.258911,0.208934,False
train,75,1,2094,6.012709,22.560940,28.796875,17.429688,25.000000,5,0.208392,0.313497,False
train,75,2,254,0.729335,11.168021,9.851562,12.125000,15.000000,3,0.305758,0.228640,False
train,75,3,227,0.651808,10.757390,12.882812,9.093750,10.000000,2,0.348262,0.145289,False
train,75,4,128,0.367539,8.887268,7.578125,8.335938,10.000000,2,0.348262,0.123240,False
train,76,1,136510,187.988942,71.074077,103.906317,83.867241,75.000000,30,0.149812,0.281629,False
train,76,2,6991,9.627358,26.393856,33.398459,25.976579,25.000000,10,0.264870,0.184959,False
train,76,3,12972,17.863838,32.433368,34.882835,34.882835,32.500000,13,0.207290,0.111851,False
train,76,4,9685,13.337286,29.423180,34.140647,34.882835,25.000000,10,0.234306,0.088776,False
train,76,5,73,0.100529,5.768958,8.164068,6.679692,2.500000,1,0.726160,0.085700,False
train,76,6,10364,14.272342,30.095314,34.882835,35.625023,25.000000,10,0.237592,0.276832,False
train,76,7,95,0.130825,6.298410,5.937504,7.421880,5.000000,2,0.726160,0.175782,False
train,76,8,5273,7.261488,24.025679,24.492203,26.718767,25.000000,10,0.265510,0.200733,False
train,76,9,7266,10.006063,26.735493,27.460955,30.429707,25.000000,10,0.244552,0.232484,False
train,76,10,4279,5.892643,22.409758,20.039075,29.687519,25.000000,10,0.286119,0.260540,False
train,77,1,3850,11.741750,28.199716,38.269001,25.773001,25.000000,5,0.217685,0.082573,False
train,77,2,384,1.171125,13.077806,14.058000,12.496000,15.000000,3,0.286904,0.125962,False
train,78,1,69,0.106341,5.878062,6.281248,6.281248,5.000000,2,0.648856,0.421640,False
train,78,2,5365,8.268403,25.088480,25.124992,25.910148,25.000000,10,0.212738,0.349977,False
train,78,3,72,0.110965,5.962045,5.496092,7.066404,5.000000,2,0.648856,0.336211,False
train,78,4,345,0.531705,10.051344,10.992184,9.421872,12.500000,5,0.458901,0.212742,False
train,78,5,71,0.109423,5.934314,5.496092,6.281248,5.000000,2,0.648856,0.307072,False
train,78,6,139,0.214223,7.423739,7.066404,5.496092,10.000000,4,0.508815,0.329672,False
train,78,7,28,0.043153,4.351815,4.710936,4.710936,2.500000,1,0.648856,0.253480,False
train,78,8,437,0.673493,10.875392,11.777340,8.636716,12.500000,5,0.396440,0.104333,False
train,78,9,4328,6.670205,23.355017,24.339836,25.124992,22.500000,9,0.252166,0.072674,False
train,78,10,33,0.050859,4.596801,4.710936,5.496092,2.500000,1,0.648856,0.203488,False
train,78,11,241,0.371423,8.918465,11.777340,7.851560,7.500000,3,0.538469,0.040910,False
train,78,12,161,0.248129,7.796381,7.066404,7.851560,10.000000,4,0.511830,0.135962,False
train,78,13,26,0.040071,4.245631,4.710936,4.710936,2.500000,1,0.648856,0.170534,False
train,78,14,950,1.464116,14.088312,11.777340,14.132808,20.000000,8,0.312817,0.266507,False
train,79,1,856,1.630705,14.603567,15.937500,13.546875,15.000000,5,0.306616,0.344904,False
train,79,2,178,0.339095,8.651824,7.968750,8.765625,9.000000,3,0.439405,0.272064,False
train,79,3,175,0.333380,8.602943,9.562500,7.968750,6.000000,2,0.524926,0.359329,False
train,79,4,143,0.272419,8.042907,9.562500,7.968750,9.000000,3,0.484547,0.291585,False
train,79,5,748,1.424962,13.961590,13.546875,14.343750,12.000000,4,0.343167,0.115066,False
train,79,6,873,1.663091,14.699608,14.343750,14.343750,15.000000,5,0.309664,0.148833,False
train,79,7,169,0.321950,8.503478,10.359375,10.359375,6.000000,2,0.524926,0.070209,False
train,79,8,134,0.255274,7.870505,8.765625,8.765625,6.000000,2,0.524926,0.149185,False
train,79,9,3561,6.783809,23.486862,24.703125,23.109375,24.000000,8,0.211238,0.215676,False
train,79,10,2248,4.282506,20.148054,22.312500,19.921875,21.000000,7,0.244483,0.139921,False
train,80,1,84756,79.213028,53.284308,56.738281,52.636719,60.000000,30,0.162095,0.128838,False
train,80,2,3513,3.283253,18.440325,20.507812,19.824219,16.000000,8,0.427016,0.191215,False
train,81,1,5130,3.170242,18.226276,26.015625,19.687500,17.500000,14,0.546015,0.155507,False
train,82,1,141610,44.308441,43.903177,51.250000,55.625000,48.060000,60,0.469008,0.155101,False
train,83,1,98,0.037788,4.163427,5.195312,4.453125,3.500000,5,2.037696,0.242001,False
train,84,1,33300,13.386462,29.459298,32.585938,34.101562,33.599999,48,0.437905,0.255816,False
train,84,2,2060,0.828111,11.651005,13.640625,12.125000,11.200000,16,0.857373,0.200998,False
train,84,3,258749,104.016022,58.349061,67.445312,75.781250,72.099999,103,0.234608,0.072700,False
train,84,4,5441,2.187259,16.105241,17.429688,17.429688,20.300000,29,0.721451,0.165779,False
train,84,5,24416,9.815130,26.564347,28.796875,32.585938,37.099999,53,0.575132,0.165558,False
train,84,6,3287,1.321360,13.614683,18.187500,18.945312,14.700000,21,0.906641,0.135519,False
train,84,7,2,0.000804,1.153677,0.757812,0.757812,1.400000,2,2.487588,0.130018,True
train,84,8,71165,28.608034,37.945749,38.648438,42.437500,54.599999,78,0.304075,0.228940,False
train,84,9,1855,0.745702,11.250944,13.640625,12.882812,19.600000,28,1.096953,0.179501,False
train,84,10,1,0.000402,0.915674,0.757812,0.757812,0.700000,1,2.487588,0.167444,True
train,84,11,8,0.003216,1.831348,1.515625,2.273438,1.400000,2,2.487588,0.168107,False
train,84,12,86981,34.966000,40.571006,48.500000,62.898438,38.499999,55,0.317623,0.229164,False
train,84,13,54039,21.723453,34.618646,37.132812,45.468750,44.799999,64,0.478101,0.202100,False
train,84,14,1,0.000402,0.915674,0.757812,0.757812,0.700000,1,2.487588,0.272985,True
train,85,1,6059,1.761923,14.985208,22.558594,14.824219,9.800001,14,0.935909,0.177271,False
train,85,2,9485,2.758185,17.399693,22.558594,21.914062,14.000001,20,0.786024,0.187304,False
train,86,1,5859,1.916539,15.411315,16.406250,10.937500,28.000000,40,0.838491,0.229921,False
train,86,2,192,0.062805,4.931726,4.785156,4.785156,6.300000,9,2.085815,0.324828,False
train,88,1,251719,115.093173,60.350885,82.403998,77.867998,63.200001,79,0.225582,0.157954,False
train,88,2,201,0.091903,5.598998,5.292000,6.048000,8.000000,10,1.577751,0.221874,False
train,88,3,1,0.000457,0.955825,0.756000,0.756000,0.800000,1,2.187089,0.226996,True
train,88,4,467,0.213526,7.415674,7.560000,8.316000,8.800000,11,1.231701,0.217215,False
train,88,5,201,0.091903,5.598998,9.072000,6.804000,4.000000,5,1.610394,0.190543,False
train,88,6,1406,0.642864,10.707960,18.900000,14.364000,13.600000,17,1.095100,0.152122,False
train,88,7,146,0.066755,5.033027,7.560000,6.804000,4.000000,5,1.797607,0.137375,False
train,90,1,50204,24.497987,36.033844,42.955001,39.050001,44.000001,55,0.263042,0.312535,False
train,90,2,2350,1.146727,12.986350,15.620000,15.620000,16.800000,21,0.747345,0.309439,False
train,90,3,1,0.000488,0.976782,0.781000,0.781000,0.800000,1,2.049311,0.305776,True
train,90,4,114488,55.866575,47.429784,50.765001,65.604002,63.200001,79,0.251188,0.206864,False
train,90,5,82652,40.331600,42.548306,63.261001,74.195002,64.800001,81,0.338990,0.179762,False
train,90,6,262,0.127848,6.250262,11.715000,6.248000,5.600000,7,1.368815,0.244778,False
train,90,7,296,0.144439,6.509711,7.029000,8.591000,4.800000,6,1.287743,0.254431,False
train,90,8,640,0.312300,8.417655,10.934000,12.496000,8.800000,11,1.056676,0.256004,False
train,92,1,1132,0.407738,9.200137,11.407000,10.065000,9.600000,12,1.228729,0.299780,False
train,92,2,102,0.036740,4.124572,5.368000,4.697000,4.000000,5,2.204702,0.267053,False
train,92,3,125,0.045024,4.413829,3.355000,4.697000,6.400000,8,2.198822,0.257353,False
train,92,4,58,0.020891,3.417077,4.026000,4.697000,3.200000,4,2.393354,0.231174,False
train,92,5,234,0.084285,5.439815,6.039000,6.710000,4.800000,6,1.969505,0.256899,False
train,92,6,590,0.212514,7.403939,10.736000,8.052000,7.200000,9,1.388145,0.214512,False
train,92,7,125,0.045024,4.413829,6.039000,4.697000,2.400000,3,2.420926,0.155366,False
train,92,8,214,0.077081,5.280196,4.697000,6.710000,4.800000,6,1.868158,0.184699,False
train,92,9,52,0.018730,3.294933,3.355000,4.697000,3.200000,4,2.616120,0.167025,False
train,93,1,36270,12.716088,28.959094,35.748000,43.030000,29.600000,37,0.519421,0.268576,False
train,93,2,1111,0.389511,9.060951,10.592000,12.578000,8.000000,10,1.206640,0.310895,False
train,93,3,30926,10.842507,27.460622,30.452000,35.748000,36.000001,45,0.478026,0.178217,False
train,93,4,11925,4.180848,19.987351,22.508000,18.536000,28.800000,36,0.578112,0.277423,False
train,93,5,77007,26.998285,37.220241,35.748000,70.172000,43.200001,54,0.468326,0.106636,False
train,93,6,1613,0.565510,10.259997,12.578000,11.254000,8.000000,10,1.108734,0.258922,False
train,93,7,6259,2.194375,16.122687,22.508000,17.874000,15.200000,19,0.797038,0.195214,False
train,93,8,5480,1.921262,15.423963,13.240000,25.156000,21.600000,27,0.830184,0.170986,False
train,93,9,6426,2.252925,16.264824,23.170000,17.212000,22.400000,28,0.856664,0.158152,False
train,93,10,780,0.273464,8.053178,15.226000,13.240000,2.400000,3,2.252580,0.151107,False
train,93,11,4336,1.520181,14.265890,16.550000,17.212000,14.400000,18,0.919627,0.023477,False
train,93,12,18440,6.464976,23.112988,23.170000,28.466000,26.400000,33,0.512918,0.203293,False
train,93,13,245,0.085896,5.474248,7.944000,5.296000,4.000000,5,1.979142,0.098896,False
train,93,14,2619,0.918209,12.059083,11.916000,13.240000,12.800000,16,0.861460,0.193839,False
train,93,15,99331,34.824972,40.516388,48.988000,43.030000,59.200001,74,0.342082,0.133076,False
train,93,16,346,0.121306,6.141783,7.944000,7.282000,4.800000,6,1.813596,0.163355,False
train,93,17,2456,0.861062,11.803530,12.578000,10.592000,14.400000,18,0.845468,0.205238,False
train,93,18,20711,7.261177,24.025336,26.480000,28.466000,25.600000,32,0.470723,0.241471,False
train,93,19,616,0.215967,7.443823,9.268000,9.268000,7.200000,9,1.375212,0.185358,False
train,93,20,283,0.099218,5.743782,6.620000,7.944000,4.000000,5,1.864573,0.169900,False
train,93,21,1785,0.625812,10.612439,11.916000,9.930000,10.400000,13,0.998702,0.166681,False
train,93,22,4517,1.583639,14.461693,13.902000,15.226000,14.400000,18,0.759012,0.145643,False
train,93,23,892,0.312731,8.421525,11.254000,12.578000,9.600000,12,1.438937,0.168314,False
train,93,24,176,0.061705,4.902753,7.282000,5.296000,4.000000,5,2.204044,0.264529,False
train,93,25,285,0.099920,5.757281,7.282000,7.282000,5.600000,7,1.851488,0.262362,False
train,93,26,695,0.243664,7.749328,10.592000,7.282000,9.600000,12,1.440510,0.158311,False
train,93,27,2153,0.754831,11.296670,13.240000,11.254000,16.800000,21,1.071762,0.231852,False
train,93,28,1380,0.483821,9.740072,11.254000,13.240000,12.000000,15,1.211191,0.261006,False
train,93,29,3678,1.289489,13.504329,13.902000,15.888000,14.400000,18,0.842969,0.201387,False
train,93,30,5347,1.874633,15.298159,15.226000,21.184000,18.400000,23,0.763350,0.236066,False
train,94,1,7056,3.467618,18.779220,25.136719,28.488281,16.800000,24,0.508995,0.347321,False
train,94,2,609,0.299288,8.299090,12.568359,13.406250,7.000000,10,1.176123,0.193490,False
train,94,3,11000,5.405867,21.774871,25.974609,28.488281,21.000000,30,0.486138,0.098396,False
train,94,4,696,0.342044,8.676830,12.568359,8.378906,4.900000,7,1.029107,0.163941,False
train,94,5,583,0.286511,8.179264,10.892578,11.730469,7.000000,10,1.225084,0.144259,False
train,94,6,3582,1.760347,14.980738,20.947266,18.433594,11.900000,17,0.593065,0.180104,False
train,94,7,1184,0.581868,10.357985,11.730469,15.919922,9.800000,14,1.001946,0.269173,False
train,94,8,2659,1.306746,13.564303,17.595703,18.433594,10.500000,15,0.656593,0.173848,False
train,94,9,25689,12.624666,28.889527,28.488281,37.705078,43.399999,62,0.365317,0.138788,False
train,94,10,353,0.173479,6.919631,8.378906,10.054688,4.900000,7,1.152876,0.269024,False
train,94,11,6591,3.239097,18.357285,18.433594,21.785156,16.800000,24,0.479146,0.238406,False
train,94,12,633,0.311083,8.406707,10.892578,12.568359,7.000000,10,0.945085,0.171207,False
train,94,13,1364,0.670328,10.858324,12.568359,10.892578,12.600000,18,0.728002,0.258688,False
train,94,14,526,0.258499,7.903509,9.216797,8.378906,5.600000,8,1.040624,0.185895,False
train,95,1,2572,1.120659,12.887193,30.257999,29.519999,9.600000,12,1.065444,0.391233,False
train,95,2,1,0.000436,0.940592,0.738000,0.738000,0.800000,1,2.295077,0.427162,True
train,95,3,1,0.000436,0.940592,0.738000,0.738000,0.800000,1,2.295077,0.425089,True
train,95,4,1,0.000436,0.940592,0.738000,0.738000,0.800000,1,2.295077,0.423028,True
train,95,5,4,0.001743,1.493097,2.952000,0.738000,0.800000,1,2.295077,0.409301,False
train,95,6,2,0.000871,1.185072,1.476000,0.738000,0.800000,1,2.295077,0.391683,True
train,96,1,603,0.234964,7.655987,8.953125,9.699219,7.700000,11,1.336372,0.293197,False
train,96,2,915,0.356538,8.797699,9.699219,10.445312,9.800000,14,1.152752,0.170872,False
train,96,3,14117,5.500818,21.901618,28.351562,25.367188,32.899999,47,0.585004,0.211096,False
train,96,4,219,0.085335,5.462315,6.714844,7.460938,7.700000,11,1.722616,0.119381,False
train,96,5,1,0.000390,0.906210,0.746094,0.746094,0.700000,1,2.566346,0.271103,True
train,96,6,4628,1.803342,15.101724,19.398438,14.921875,23.100000,33,0.837334,0.267567,False
train,96,7,1386,0.540068,10.103763,14.921875,10.445312,11.900000,17,1.170224,0.177099,False
train,96,8,1,0.000390,0.906210,0.746094,0.746094,0.700000,1,2.566346,0.239107,True
train,96,9,665,0.259123,7.909869,6.714844,11.191406,11.200000,16,1.381582,0.065137,False
train,96,10,146,0.056890,4.771772,6.714844,6.714844,4.900000,7,1.828082,0.218404,False
train,96,11,534,0.208078,7.352062,10.445312,11.937500,7.000000,10,1.513856,0.174039,False
train,96,12,445,0.173398,6.918555,7.460938,9.699219,7.700000,11,1.487904,0.157214,False
train,96,13,515,0.200674,7.263810,8.953125,9.699219,8.400000,12,1.450110,0.269894,False
train,96,14,2474,0.964017,12.256373,11.191406,13.429688,20.300000,29,1.045625,0.284804,False
train,96,15,856,0.333548,8.604388,8.953125,12.683594,8.400000,12,1.238202,0.092891,False
train,96,16,98,0.038187,4.178022,4.476562,5.222656,5.600000,8,1.990227,0.208657,False
train,96,17,2165,0.843612,11.723250,14.921875,11.937500,16.100000,23,0.958972,0.244277,False
train,96,18,352,0.137160,6.398472,6.714844,8.207031,7.700000,11,1.443569,0.311689,False
train,96,19,3385,1.318996,13.606559,13.429688,17.160156,15.400000,22,0.873392,0.189315,False
train,96,20,1001,0.390049,9.065117,10.445312,8.953125,11.200000,16,1.207541,0.236896,False
train,96,21,2736,1.066107,12.674595,17.160156,15.667969,19.600000,28,1.119024,0.295096,False
train,96,22,1523,0.593451,10.426264,13.429688,13.429688,11.200000,16,1.078438,0.257139,False
train,96,23,1253,0.488243,9.769652,12.683594,12.683594,11.200000,16,1.194078,0.271817,False
train,96,24,1,0.000390,0.906210,0.746094,0.746094,0.700000,1,2.566346,0.267677,True
train,96,25,94,0.036628,4.120387,5.968750,5.222656,4.200000,6,2.156822,0.236853,False
train,96,26,1,0.000390,0.906210,0.746094,0.746094,0.700000,1,2.566346,0.294328,True
train,96,27,1,0.000390,0.906210,0.746094,0.746094,0.700000,1,2.566346,0.295027,True
train,96,28,417,0.162488,6.770292,11.937500,8.953125,6.300000,9,1.489342,0.205591,False
train,96,29,1,0.000390,0.906210,0.746094,0.746094,0.700000,1,2.566346,0.205100,True
train,97,1,371,0.135624,6.374493,7.226562,7.949219,6.300000,9,1.577896,0.201298,False
train,97,2,115525,42.231600,43.206223,54.199219,49.140625,61.599999,88,0.395225,0.103802,False
train,97,3,72289,26.426143,36.955441,42.636719,40.468750,62.299999,89,0.366645,0.186844,False
train,97,4,42166,15.414306,30.877475,44.082031,31.796875,33.599999,48,0.432715,0.168798,False
train,97,5,4,0.001462,1.408232,0.722656,2.890625,0.700000,1,2.735511,0.175101,False
train,97,6,2255,0.824343,11.633306,15.175781,14.453125,12.600000,18,1.039615,0.121345,False
train,97,7,17481,6.390397,23.023768,36.855469,35.410156,25.900000,37,0.668347,0.178200,False
train,97,8,684,0.250045,7.816392,8.671875,8.671875,8.400000,12,1.331762,0.102770,False
train,97,9,179463,65.604931,50.039461,61.425781,85.996094,95.199998,136,0.394315,0.120061,False
train,97,10,218173,79.755853,53.405745,64.316406,102.617188,81.899999,117,0.450713,0.205771,False
train,97,11,2153,0.787056,11.455191,15.898438,18.066406,9.800000,14,1.231170,0.049264,False
train,97,12,73769,26.967175,37.205940,42.636719,47.695312,48.999999,70,0.395147,0.192174,False
train,97,13,977,0.357154,8.802766,12.285156,11.562500,8.400000,12,1.439153,0.282851,False
train,98,1,61088,23.061614,35.315365,41.859375,40.390625,34.299999,49,0.380763,0.271399,False
train,98,2,21739,8.206791,25.026008,26.437500,27.906250,30.799999,44,0.526637,0.171618,False
train,98,3,814,0.307297,8.372462,9.546875,9.546875,12.600000,18,1.210556,0.227271,False
train,98,4,461031,174.045953,69.271581,80.781250,107.953125,84.699999,121,0.228124,0.133315,False
train,98,5,457,0.172524,6.906910,7.343750,7.343750,7.700000,11,1.263591,0.233625,False
train,98,6,14353,5.418468,21.791776,23.500000,22.765625,23.800000,34,0.492575,0.253347,False
train,98,7,2227,0.840725,11.709863,12.484375,12.484375,12.600000,18,0.846888,0.236928,False
train,98,8,22239,8.395548,25.216423,27.906250,28.640625,29.399999,42,0.454407,0.220206,False
train,98,9,1024,0.386575,9.038126,9.546875,10.281250,9.100000,13,1.081291,0.073569,False
train,98,10,347,0.130998,6.301175,8.812500,9.546875,8.400000,12,1.664153,0.179596,False
train,98,11,395,0.149118,6.579266,8.078125,8.812500,7.700000,11,1.461927,0.148649,False
train,98,12,20201,7.626173,24.421332,24.234375,32.312500,24.500000,35,0.461437,0.152463,False
train,98,13,409,0.154403,6.656095,8.078125,11.015625,8.400000,12,1.444268,0.218699,False
train,98,14,486,0.183472,7.050022,8.812500,8.812500,11.900000,17,1.504316,0.169295,False
train,98,15,460,0.173657,6.921991,7.343750,9.546875,8.400000,12,1.359003,0.180777,False
train,98,16,435,0.164219,6.794249,6.609375,8.078125,7.700000,11,1.345765,0.191912,False
train,98,17,934,0.352599,8.765177,9.546875,9.546875,9.800000,14,1.038007,0.167409,False
train,99,1,751,0.320855,8.493822,10.156250,12.500000,6.299857,9,1.131354,0.379933,False
train,99,2,3282,1.402190,13.886817,24.218750,9.375000,17.499602,25,0.880765,0.367563,False
train,99,3,683,0.291802,8.229310,10.156250,8.593750,6.299857,9,1.007531,0.352465,False
train,99,4,26,0.011108,2.768307,3.906250,4.687500,0.699984,1,2.340625,0.348623,False
train,99,5,340,0.145260,6.522031,7.812500,7.812500,5.599873,8,1.321765,0.294454,False
train,99,6,3802,1.624353,14.584579,16.406250,16.406250,13.299697,19,0.597161,0.223334,False
train,99,7,114,0.048705,4.530973,5.468750,6.250000,4.199904,6,1.950521,0.305430,False
train,99,8,160,0.068358,5.072981,9.375000,6.250000,3.499920,5,1.667695,0.172824,False
train,99,9,325,0.138852,6.424672,7.031250,7.812500,5.599873,8,1.317952,0.224420,False
train,99,10,314,0.134152,6.351355,8.593750,7.812500,3.499920,5,1.535569,0.134702,False
train,99,11,1663,0.710494,11.071011,13.281250,10.156250,11.899729,17,0.814926,0.208763,False
train,99,12,502,0.214473,7.426618,7.031250,8.593750,6.999841,10,1.109699,0.106584,False
train,99,13,291,0.124326,6.192331,7.031250,9.375000,4.199904,6,1.415636,0.143773,False
train,100,1,7309,2.501394,16.842032,18.179688,16.082031,21.699998,31,0.620854,0.175635,False
train,100,2,1554794,532.104563,100.538589,141.941406,111.875000,157.499984,225,0.153177,0.115322,False
train,100,3,460,0.157428,6.699275,7.691406,6.992188,6.999999,10,1.702366,0.205453,False
train,100,4,2615,0.894944,11.956362,13.285156,13.285156,12.599999,18,0.892793,0.216466,False
train,100,5,973,0.332994,8.599624,11.187500,9.089844,9.799999,14,1.210230,0.139042,False
train,100,6,97,0.033197,3.987485,4.195312,5.593750,4.200000,6,2.560490,0.236157,False
train,100,7,345,0.118071,6.086695,7.691406,6.292969,5.599999,8,1.702366,0.300758,False
train,100,8,64,0.021903,3.471377,3.496094,4.894531,4.200000,6,2.693692,0.122483,False
train,100,9,766,0.262152,7.940565,8.390625,13.285156,6.999999,10,1.651715,0.150821,False
train,100,10,1150,0.393570,9.092314,9.789062,8.390625,12.599999,18,1.206901,0.143357,False
train,100,11,1116,0.381934,9.001811,10.488281,11.187500,8.399999,12,1.251525,0.342452,False
train,101,1,16711,5.815338,22.311329,30.318359,22.562500,23.800000,34,0.602545,0.355396,False
train,101,2,191359,66.591900,50.289146,69.097656,82.494141,52.499999,75,0.334846,0.209617,False
train,101,3,1,0.000348,0.872686,0.705078,0.705078,0.700000,1,2.873608,0.297619,True
train,101,4,7172,2.495817,16.829507,19.742188,19.037109,15.400000,22,0.703577,0.209860,False
train,101,5,1,0.000348,0.872686,0.705078,0.705078,0.700000,1,2.873608,0.214652,True
train,101,6,28259,9.833980,26.581341,32.433594,28.908203,25.900000,37,0.511593,0.149897,False
train,101,7,1,0.000348,0.872686,0.705078,0.705078,0.700000,1,2.873608,0.166622,True
train,101,8,1,0.000348,0.872686,0.705078,0.705078,0.700000,1,2.873608,0.114971,True
train,101,9,1,0.000348,0.872686,0.705078,0.705078,0.700000,1,2.873608,0.109809,True
train,101,10,1,0.000348,0.872686,0.705078,0.705078,0.700000,1,2.873608,0.089055,True
train,101,11,2,0.000696,1.099515,0.705078,1.410156,0.700000,1,2.873608,0.192294,True
train,101,12,38400,13.362993,29.442072,31.023438,32.433594,30.799999,44,0.409414,0.158478,False
train,101,13,87203,30.346174,38.699181,55.701172,50.060547,55.299999,79,0.476864,0.238964,False
train,101,14,1,0.000348,0.872686,0.705078,0.705078,0.700000,1,2.873608,0.184528,True
train,101,15,5740,1.997489,15.625308,17.626953,21.857422,16.100000,23,0.862082,0.161679,False
train,101,16,1583,0.550875,10.170718,11.986328,11.986328,9.800000,14,1.105513,0.231490,False
train,101,17,16,0.005568,2.199031,4.935547,2.820312,0.700000,1,2.873608,0.176525,False
train,101,18,1,0.000348,0.872686,0.705078,0.705078,0.700000,1,2.873608,0.161148,True
train,101,19,1985,0.690769,10.967597,13.396484,17.626953,9.100000,13,1.227617,0.176970,False
train,101,20,1,0.000348,0.872686,0.705078,0.705078,0.700000,1,2.873608,0.190570,True
train,102,1,47754,17.174766,32.010864,38.707031,33.689453,31.499334,45,0.363382,0.234450,False
train,103,1,302,0.154708,6.660470,7.699219,5.988281,7.000000,10,1.079452,0.152875,False
train,103,2,75485,38.669361,41.955554,42.773438,53.894531,37.799999,54,0.228113,0.170089,False
val,104,1,320,0.156150,6.681098,7.810000,7.810000,9.600000,12,1.248799,0.311279,False
val,104,2,267741,130.649262,62.955853,80.443002,92.158002,73.600001,92,0.187173,0.147288,False
val,104,3,118,0.057580,4.790989,4.686000,6.248000,4.000000,5,1.563034,0.138640,False
val,104,4,1204,0.587514,10.391382,10.934000,12.496000,8.000000,10,0.810193,0.320137,False
val,104,5,6488,3.165942,18.218031,17.182000,38.269001,36.000001,45,0.690158,0.344297,False
val,104,6,2,0.000976,1.230669,0.781000,1.562000,0.800000,1,2.049311,0.331296,True
val,104,7,3,0.001464,1.408764,0.781000,1.562000,1.600000,2,2.049311,0.334932,False
val,104,8,2,0.000976,1.230669,0.781000,1.562000,0.800000,1,2.049311,0.330584,True
val,104,9,3,0.001464,1.408764,0.781000,1.562000,1.600000,2,2.049311,0.334241,False
val,104,10,37,0.018055,3.254856,3.905000,5.467000,1.600000,2,2.049311,0.308758,False
val,107,1,225,0.110074,5.946058,5.474000,6.256000,8.800000,11,1.362716,0.237596,False
val,107,2,954,0.466715,9.623900,10.948000,11.730000,11.200000,14,0.820629,0.407259,False
val,107,3,3732,1.825766,15.164060,13.294000,13.294000,27.200000,34,0.633707,0.227614,False
val,107,4,1042,0.509766,9.911153,10.166000,10.948000,16.000000,20,0.814098,0.252564,False
val,108,1,564,0.239786,7.708002,12.393000,13.122000,3.200000,4,1.784924,0.366962,False
val,108,2,49826,21.183662,34.329500,69.254997,74.357997,44.800001,56,0.517380,0.310673,False
val,108,3,2089,0.888144,11.926004,13.850999,13.850999,9.600000,12,0.896251,0.312021,False
val,108,4,572,0.243187,7.744276,9.477000,12.393000,4.800000,6,1.398099,0.321885,False
val,108,5,602,0.255942,7.877365,10.935000,10.206000,4.800000,6,1.535504,0.310950,False
val,108,6,1237,0.525914,10.014717,16.037999,9.477000,8.000000,10,0.962135,0.262183,False
val,108,7,2184,0.928534,12.104114,16.037999,12.393000,9.600000,12,0.830341,0.374742,False
val,108,8,21940,9.327852,26.117264,34.262999,37.907999,28.000000,35,0.591562,0.284095,False
val,108,9,24822,10.553142,27.214126,44.468998,46.655998,34.400001,43,0.535859,0.328315,False
val,108,10,1747,0.742742,11.236035,12.393000,21.140999,7.200000,9,1.086515,0.219774,False
val,108,11,258,0.109689,5.939119,6.561000,6.561000,4.000000,5,1.577180,0.214906,False
val,108,12,743,0.315889,8.449774,13.850999,11.664000,15.200000,19,1.611328,0.190003,False
val,108,13,598,0.254241,7.859879,9.477000,11.664000,6.400000,8,1.290113,0.195877,False
val,108,14,16772,7.130662,23.880518,27.701999,25.514999,22.400000,28,0.451150,0.175588,False
val,108,15,34565,14.695406,30.389787,58.319998,40.094998,29.600000,37,0.552077,0.168934,False
val,108,16,1092424,464.447094,96.082850,134.864995,182.978993,161.600002,202,0.415234,0.062838,False
val,108,17,2005,0.852431,11.763961,12.393000,13.122000,9.600000,12,0.821181,0.202194,False
val,108,18,111,0.047192,4.483561,5.103000,5.832000,2.400000,3,1.949485,0.230666,False
val,108,19,1,0.000425,0.932929,0.729000,0.729000,0.800000,1,2.352096,0.173173,True
val,108,20,9355,3.977304,19.657580,33.533999,18.224999,18.400000,23,0.622532,0.303376,False
val,108,21,5872,2.496497,16.831035,23.327999,17.495999,13.600000,17,0.646906,0.264241,False
val,108,22,753,0.320140,8.487513,10.935000,13.850999,4.800000,6,1.855438,0.246675,False
val,108,23,4708,2.001619,15.636070,21.869999,17.495999,12.000000,15,0.750892,0.201487,False
val,108,24,288,0.122444,6.160930,8.748000,9.477000,3.200000,4,1.674235,0.238388,False
val,108,25,345,0.146678,6.543174,10.206000,11.664000,3.200000,4,1.758959,0.145596,False
val,108,26,255,0.108414,5.916009,6.561000,8.019000,4.000000,5,1.549616,0.271429,False
val,108,27,16069,6.831780,23.542094,58.319998,37.178999,30.400000,38,0.790277,0.212556,False
val,108,28,29602,12.585372,28.859523,46.655998,39.365999,29.600000,37,0.452430,0.225220,False
val,108,29,768,0.326517,8.543501,10.206000,8.748000,7.200000,9,1.120921,0.110513,False
val,108,30,388,0.164959,6.804445,8.748000,8.019000,4.800000,6,1.485215,0.227298,False
val,108,31,8457,3.595517,19.007321,24.056999,24.056999,20.000000,25,0.595186,0.251758,False
val,108,32,1,0.000425,0.932929,0.729000,0.729000,0.800000,1,2.352096,0.101123,True
val,108,33,266,0.113091,5.999882,5.832000,7.290000,6.400000,8,1.397109,0.101846,False
val,108,34,815,0.346500,8.714343,11.664000,10.206000,6.400000,8,1.099569,0.229072,False
val,108,35,369,0.156881,6.691512,10.935000,9.477000,2.400000,3,1.899524,0.237136,False
val,108,36,374,0.159007,6.721600,8.019000,8.019000,4.800000,6,1.358430,0.171126,False
val,108,37,11154,4.742154,20.844541,29.888999,21.140999,22.400000,28,0.538363,0.055879,False
val,108,38,74,0.031461,3.916752,5.103000,5.103000,1.600000,2,2.352096,0.165402,False
val,108,39,2313,0.983378,12.337884,13.122000,14.579999,10.400000,13,0.802336,0.132866,False
val,108,40,2747,1.167895,13.065770,15.308999,16.037999,8.000000,10,0.824561,0.104318,False
val,108,41,413,0.175588,6.947557,10.206000,10.206000,6.400000,8,1.634507,0.148750,False
val,108,42,33,0.014030,2.992403,5.103000,4.374000,0.800000,1,2.352096,0.175659,False
val,108,43,1722,0.732113,11.182181,10.935000,16.766999,8.000000,10,0.984821,0.144916,False
val,108,44,338,0.143702,6.498618,8.019000,6.561000,5.600000,7,1.384814,0.182817,False
val,108,45,386,0.164109,6.792733,8.019000,8.019000,4.800000,6,1.395414,0.155206,False
val,108,46,30580,13.001172,29.173909,40.094998,53.216998,36.800001,46,0.616406,0.215795,False
val,108,47,218,0.092683,5.614800,6.561000,5.832000,4.800000,6,1.575257,0.280263,False
val,108,48,3644,1.549257,14.356269,16.037999,19.682999,15.200000,19,0.823621,0.123034,False
val,108,49,624,0.265295,7.972178,10.935000,8.748000,8.800000,11,1.240127,0.315595,False
val,108,50,1,0.000425,0.932929,0.729000,0.729000,0.800000,1,2.352096,0.237213,True
val,108,51,405,0.172187,6.902406,9.477000,8.748000,4.000000,5,1.364796,0.175522,False
val,108,52,41508,17.647241,32.301751,37.178999,43.010998,54.400001,68,0.477072,0.262014,False
val,108,53,2858,1.215087,13.239438,14.579999,16.766999,15.200000,19,0.854260,0.172738,False
val,108,54,2641,1.122828,12.895502,13.122000,13.850999,11.200000,14,0.765923,0.173636,False
val,108,55,1544,0.656436,10.782792,10.935000,12.393000,9.600000,12,0.924690,0.189879,False
val,108,56,129,0.054845,4.713882,7.290000,5.832000,2.400000,3,2.096829,0.147217,False
val,108,57,223,0.094809,5.657403,5.832000,5.832000,6.400000,8,1.518842,0.295956,False
val,108,58,1267,0.538669,10.095031,12.393000,12.393000,10.400000,13,1.115714,0.179483,False
val,108,59,647,0.275074,8.068948,10.935000,10.935000,5.600000,7,1.465061,0.140395,False
val,108,60,1,0.000425,0.932929,0.729000,0.729000,0.800000,1,2.352096,0.199374,True
val,108,61,51,0.021683,3.459703,5.103000,6.561000,0.800000,1,2.352096,0.139866,False
val,108,62,1777,0.755496,11.299987,11.664000,13.122000,8.800000,11,0.870950,0.214339,False
val,108,63,167,0.071001,5.137529,6.561000,6.561000,4.000000,5,1.802804,0.156321,False
val,108,64,238,0.101186,5.781508,8.019000,8.019000,4.000000,5,1.719599,0.234576,False
val,108,65,1409,0.599040,10.458895,13.122000,16.037999,6.400000,8,1.106770,0.200408,False
val,108,66,4728,2.010122,15.658180,17.495999,24.785999,13.600000,17,0.688515,0.290218,False
val,108,67,235,0.099911,5.757113,8.748000,9.477000,4.000000,5,2.061837,0.171825,False
val,108,68,2029,0.862635,11.810714,11.664000,14.579999,12.000000,15,0.788282,0.252119,False
val,108,69,5111,2.172956,16.070057,13.850999,26.972999,15.200000,19,0.738165,0.241975,False
val,108,70,2073,0.881342,11.895478,11.664000,15.308999,10.400000,13,0.849841,0.232323,False
val,109,1,32,0.014904,3.053258,4.578000,3.815000,2.400000,3,2.080045,0.429844,False
val,109,2,296,0.137858,6.409302,9.156000,12.208000,2.400000,3,1.856988,0.434401,False
val,109,3,13242,6.167266,22.752617,41.202001,28.994000,16.800000,21,0.505735,0.333461,False
val,109,4,1325,0.617099,10.562955,12.971000,14.497000,11.200000,14,0.975532,0.391825,False
val,109,5,311,0.144844,6.515788,6.867000,7.630000,5.600000,7,1.366991,0.381548,False
val,109,6,251,0.116900,6.066498,7.630000,7.630000,4.000000,5,1.488458,0.336198,False
val,109,7,12089,5.630273,22.072098,22.890000,22.890000,27.200000,34,0.412591,0.275668,False
val,109,8,3253,1.515037,14.249780,13.734000,13.734000,17.600000,22,0.645529,0.230499,False
val,109,9,646,0.300865,8.313636,10.682000,9.156000,8.800000,11,1.096838,0.267707,False
val,109,10,380,0.176979,6.965859,8.393000,6.104000,4.800000,6,1.288286,0.276048,False
val,109,11,4450,2.072522,15.818556,24.416000,17.549000,20.000000,25,0.697218,0.196823,False
val,109,12,157,0.073120,5.188160,6.104000,7.630000,3.200000,4,1.668480,0.163055,False
val,109,13,11548,5.378310,21.737808,29.757000,23.653000,24.800000,31,0.448096,0.131765,False
val,109,14,6466,3.011444,17.916729,16.786000,26.705000,18.400000,23,0.513707,0.208172,False
val,109,15,705,0.328343,8.559397,11.445000,11.445000,7.200000,9,1.230419,0.226815,False
val,109,16,113,0.052628,4.649501,6.867000,6.104000,2.400000,3,1.881125,0.137465,False
val,109,17,30,0.013972,2.988275,4.578000,5.341000,0.800000,1,2.147143,0.156177,False
val,109,18,422,0.196540,7.213582,8.393000,9.156000,7.200000,9,1.216036,0.207482,False
val,109,19,54,0.025150,3.635059,4.578000,4.578000,2.400000,3,2.027857,0.188497,False
val,109,20,492,0.229142,7.592215,8.393000,9.919000,5.600000,7,1.239408,0.127751,False
val,109,21,260,0.121091,6.138156,6.867000,6.867000,6.400000,8,1.395643,0.108103,False
val,109,22,247,0.115037,6.034100,6.867000,7.630000,4.000000,5,1.408247,0.105888,False
val,109,23,454,0.211444,7.391492,11.445000,10.682000,6.400000,8,1.220182,0.143014,False
val,109,24,4044,1.883433,15.322062,15.260000,18.312000,16.000000,20,0.594659,0.144681,False
val,109,25,1053,0.490419,9.784146,12.208000,9.919000,16.000000,20,1.070513,0.235578,False
val,109,26,1173,0.546307,10.142527,9.156000,9.919000,12.000000,15,0.898761,0.162240,False
val,109,27,339,0.157884,6.705740,9.156000,6.867000,5.600000,7,1.330088,0.108595,False
val,109,28,310,0.144378,6.508797,8.393000,7.630000,5.600000,7,1.295212,0.210166,False
val,109,29,8546,3.980173,19.662306,28.231000,23.653000,24.000000,30,0.577613,0.262092,False
val,109,30,134,0.062409,4.921322,5.341000,6.104000,4.000000,5,1.634392,0.319909,False
val,110,1,30648,12.710340,28.954730,39.600002,48.240002,19.200000,24,0.490624,0.351717,False
val,110,2,3086,1.279826,13.470512,15.120001,13.680001,16.800000,21,0.789170,0.245600,False
val,110,3,198,0.082115,5.392712,7.200000,6.480000,4.800000,6,1.607510,0.167090,False
val,110,4,5508,2.284278,16.339927,19.440001,21.600001,12.800000,16,0.641341,0.164510,False
val,110,5,286,0.118610,6.095942,7.920000,6.480000,4.000000,5,1.576596,0.146984,False
val,110,6,16568,6.871082,23.587151,31.680001,29.520001,23.200000,29,0.458298,0.128157,False
val,110,7,12042,4.994059,21.207282,23.760001,26.640001,20.800000,26,0.535036,0.187377,False
val,110,8,12259,5.084053,21.333911,26.640001,24.480001,20.000000,25,0.453575,0.238897,False
val,110,9,1197,0.496420,9.823891,10.080000,10.080000,11.200000,14,0.985053,0.161216,False
val,110,10,3303,1.369820,13.779126,11.520000,18.000001,15.200000,19,0.665781,0.094549,False
val,110,11,241,0.099948,5.757816,7.200000,7.920000,5.600000,7,1.750919,0.196431,False
val,110,12,142,0.058890,4.827048,5.760000,6.480000,3.200000,4,1.850901,0.244356,False
val,110,13,214,0.088750,5.534224,5.760000,7.200000,4.800000,6,1.712674,0.232926,False
val,110,14,4508,1.869558,15.284343,15.840001,16.560001,20.000000,25,0.608165,0.175296,False
val,110,15,33961,14.084307,29.962563,25.920001,30.960001,36.800001,46,0.368424,0.213264,False
val,110,16,163,0.067599,5.054149,5.040000,9.360000,4.800000,6,1.804751,0.233231,False
val,110,17,82,0.034007,4.019667,5.760000,5.040000,4.000000,5,2.205425,0.200715,False
val,111,1,1912,0.935387,12.133821,12.512000,14.076000,12.800000,16,0.677794,0.302659,False
val,111,2,1113,0.544501,10.131335,9.384000,9.384000,20.000000,25,0.925618,0.208836,False
val,111,3,2060,1.007792,12.439150,14.076000,13.294000,17.600000,22,0.784885,0.105478,False
val,111,4,987,0.482859,9.733612,12.512000,9.384000,11.200000,14,0.888457,0.136232,False
val,111,5,1,0.000489,0.977616,0.782000,0.782000,0.800000,1,2.044073,0.158335,True
val,111,6,912,0.446168,9.480544,13.294000,9.384000,11.200000,14,0.889800,0.097692,False
val,111,7,315,0.154104,6.651789,10.948000,7.820000,6.400000,8,1.349737,0.189863,False
val,112,1,207,0.067830,5.059884,5.760000,5.120000,5.600000,7,1.916563,0.087700,False
val,112,2,453,0.148439,6.569261,8.320000,8.320000,5.600000,7,1.717877,0.154553,False
val,112,3,414,0.135660,6.375054,5.760000,6.400000,6.400000,8,1.592222,0.216902,False
val,112,4,107,0.035062,4.060801,5.760000,3.840000,4.000000,5,2.367251,0.316972,False
val,113,1,858,0.418677,9.281687,10.153000,12.496000,8.800000,11,1.000771,0.275711,False
val,113,2,30656,14.959172,30.570531,31.240001,36.707001,39.200001,49,0.362787,0.098780,False
val,113,3,402,0.196163,7.208969,5.467000,14.058000,5.600000,7,1.264252,0.121958,False
val,113,4,5693,2.778007,17.441274,22.649001,24.992001,17.600000,22,0.598631,0.133053,False
val,113,5,690,0.336698,8.631392,8.591000,10.934000,10.400000,13,1.214737,0.217737,False
val,113,6,19030,9.286047,26.078188,45.298001,47.641001,38.400001,48,0.621793,0.109850,False
val,113,7,1855,0.905182,12.001784,17.182000,13.277000,10.400000,13,0.782163,0.207036,False
val,113,8,16217,7.913391,24.724147,32.802001,33.583001,28.800000,36,0.425860,0.202580,False
val,113,9,665,0.324499,8.525863,8.591000,10.153000,8.000000,10,1.078585,0.175401,False
val,113,10,7967,3.887648,19.508749,27.335001,24.992001,19.200000,24,0.471751,0.273898,False
val,113,11,16,0.007808,2.461337,3.905000,4.686000,1.600000,2,2.049311,0.282812,False
val,113,12,2,0.000976,1.230669,0.781000,1.562000,0.800000,1,2.049311,0.330426,True
val,113,13,1,0.000488,0.976782,0.781000,0.781000,0.800000,1,2.049311,0.329907,True
val,113,14,1,0.000488,0.976782,0.781000,0.781000,0.800000,1,2.049311,0.331155,True
val,113,15,11,0.005368,2.172345,3.124000,3.124000,1.600000,2,2.049311,0.282565,False
val,113,16,1,0.000488,0.976782,0.781000,0.781000,0.800000,1,2.049311,0.323816,True
val,113,17,1,0.000488,0.976782,0.781000,0.781000,0.800000,1,2.049311,0.287028,True
val,113,18,14,0.006832,2.354185,3.124000,3.905000,1.600000,2,2.049311,0.281299,False
val,113,19,2,0.000976,1.230669,0.781000,1.562000,0.800000,1,2.049311,0.323655,True
val,113,20,1,0.000488,0.976782,0.781000,0.781000,0.800000,1,2.049311,0.323996,True
val,113,21,1,0.000488,0.976782,0.781000,0.781000,0.800000,1,2.049311,0.278251,True
val,113,22,1,0.000488,0.976782,0.781000,0.781000,0.800000,1,2.049311,0.276141,True
val,113,23,1,0.000488,0.976782,0.781000,0.781000,0.800000,1,2.049311,0.323549,True
val,113,24,1,0.000488,0.976782,0.781000,0.781000,0.800000,1,2.049311,0.324454,True
val,113,25,1,0.000488,0.976782,0.781000,0.781000,0.800000,1,2.049311,0.324517,True
val,113,26,1,0.000488,0.976782,0.781000,0.781000,0.800000,1,2.049311,0.280289,True
val,113,27,1,0.000488,0.976782,0.781000,0.781000,0.800000,1,2.049311,0.278154,True
val,113,28,18,0.008783,2.559894,3.124000,9.372000,0.800000,1,2.049311,0.334785,False
val,113,29,1,0.000488,0.976782,0.781000,0.781000,0.800000,1,2.049311,0.325476,True
val,113,30,1,0.000488,0.976782,0.781000,0.781000,0.800000,1,2.049311,0.282351,True
val,113,31,1,0.000488,0.976782,0.781000,0.781000,0.800000,1,2.049311,0.280192,True
val,113,32,1,0.000488,0.976782,0.781000,0.781000,0.800000,1,2.049311,0.326484,True
val,113,33,2,0.000976,1.230669,0.781000,1.562000,0.800000,1,2.049311,0.337806,True
val,113,34,1,0.000488,0.976782,0.781000,0.781000,0.800000,1,2.049311,0.332087,True
val,113,35,4,0.001952,1.550545,0.781000,3.124000,0.800000,1,2.049311,0.335415,False
val,113,36,1,0.000488,0.976782,0.781000,0.781000,0.800000,1,2.049311,0.320036,True
val,113,37,1,0.000488,0.976782,0.781000,0.781000,0.800000,1,2.049311,0.319553,True
val,113,38,1,0.000488,0.976782,0.781000,0.781000,0.800000,1,2.049311,0.324927,True
val,113,39,2,0.000976,1.230669,0.781000,0.781000,1.600000,2,2.049311,0.326139,True
val,113,40,2,0.000976,1.230669,0.781000,1.562000,0.800000,1,2.049311,0.307749,True
val,113,41,1,0.000488,0.976782,0.781000,0.781000,0.800000,1,2.049311,0.280349,True
val,113,42,2,0.000976,1.230669,0.781000,1.562000,0.800000,1,2.049311,0.317482,True
val,113,43,1,0.000488,0.976782,0.781000,0.781000,0.800000,1,2.049311,0.324155,True
val,113,44,6,0.002928,1.774931,0.781000,1.562000,2.400000,3,2.049311,0.325621,False
val,113,45,1,0.000488,0.976782,0.781000,0.781000,0.800000,1,2.049311,0.326921,True
val,113,46,8,0.003904,1.953565,1.562000,5.467000,0.800000,1,2.049311,0.312895,False
val,113,47,1,0.000488,0.976782,0.781000,0.781000,0.800000,1,2.049311,0.289611,True
val,113,48,28,0.013663,2.966087,4.686000,7.029000,2.400000,3,2.049311,0.290020,False
val,113,49,1,0.000488,0.976782,0.781000,0.781000,0.800000,1,2.049311,0.317568,True
val,113,50,2,0.000976,1.230669,0.781000,0.781000,1.600000,2,2.049311,0.320505,True
val,113,51,1,0.000488,0.976782,0.781000,0.781000,0.800000,1,2.049311,0.323432,True
val,113,52,1,0.000488,0.976782,0.781000,0.781000,0.800000,1,2.049311,0.323920,True
val,113,53,9,0.004392,2.031789,0.781000,2.343000,2.400000,3,2.049311,0.324995,False
val,113,54,7,0.003416,1.868517,1.562000,2.343000,2.400000,3,2.049311,0.292998,False
val,113,55,1,0.000488,0.976782,0.781000,0.781000,0.800000,1,2.049311,0.316202,True
val,113,56,5,0.002440,1.670274,0.781000,1.562000,2.400000,3,2.049311,0.320093,False
val,113,57,6,0.002928,1.774931,0.781000,4.686000,0.800000,1,2.049311,0.315093,False
val,113,58,1,0.000488,0.976782,0.781000,0.781000,0.800000,1,2.049311,0.316626,True
val,113,59,1,0.000488,0.976782,0.781000,0.781000,0.800000,1,2.049311,0.315961,True
val,113,60,1,0.000488,0.976782,0.781000,0.781000,0.800000,1,2.049311,0.294879,True
val,113,61,9,0.004392,2.031789,0.781000,2.343000,2.400000,3,2.049311,0.311141,False
val,113,62,1,0.000488,0.976782,0.781000,0.781000,0.800000,1,2.049311,0.295764,True
val,113,63,45,0.021959,3.474311,2.343000,6.248000,5.600000,7,2.049311,0.308072,False
val,113,64,4,0.001952,1.550545,0.781000,1.562000,1.600000,2,2.049311,0.308350,False
val,113,65,1,0.000488,0.976782,0.781000,0.781000,0.800000,1,2.049311,0.308705,True
val,116,1,611132,266.351941,79.827479,108.101562,103.367188,93.099998,133,0.146445,0.150558,False
