role,path,exists,bytes,sha256
dataset_manifest,D:\DATA SCIENCE AND ANALYTICS\Dataset\Liver\02_staging\build_corrected_20260713_214847_v2\manifests\slice_manifest.csv,True,35574712,575a6fc391d63dc9bbbbb3317efe4d0f65edd57457ae63c1bfc6c2c615861889
control_checkpoint,D:\DATA SCIENCE AND ANALYTICS\PROJECTS\Liver\mark 1\mark_4_outputs\mark_4_best.pth,True,82348646,9b0c7749af66b0fc3808f6757d0d90af01384e06afe02090361b220df48b6e8b
recall_checkpoint,D:\DATA SCIENCE AND ANALYTICS\PROJECTS\Liver\mark 1\mark_4c_outputs\recall_loss_best.pth,True,27563606,c01eb4b81e4e7f1d84c7966aca56e738d87d06d404907f0bcc7c67a79ed4ec4d
validation_roi_manifest,D:\DATA SCIENCE AND ANALYTICS\PROJECTS\Liver\mark 1\mark_4_outputs\validation_roi_manifest.csv,True,1118,95927515e3e6c34b161c31f217a0b784ecfb64d2ae543f3c9d7a9435a9a4d297
roi_generator_checkpoint,D:\DATA SCIENCE AND ANALYTICS\PROJECTS\Liver\Practice\multitask_liver_tumor_outputs\multitask_best.pth,True,82376439,9c4160bbd68891f9dc4e5f04ceca4391f38c5869b3f81c72b95d4639e0572223
step01_gate,D:\DATA SCIENCE AND ANALYTICS\PROJECTS\Liver\mark 1 (part 2)\step_01_pretraining_dataset_characterization\outputs\pretraining_dataset_gate.json,True,2284,fcc1f735a1f10e7c9ac5c94029b513ab498be6f39cf243fa36f4562d358266cb
dataset_data_card,D:\DATA SCIENCE AND ANALYTICS\PROJECTS\Liver\mark 1 (part 2)\step_01_pretraining_dataset_characterization\outputs\DATASET_DATA_CARD.md,True,10192,276af70701164375406bed29593863219fefc664f3e2fd9d456a5efc9d6c181c
sampling_policy,D:\DATA SCIENCE AND ANALYTICS\PROJECTS\Liver\mark 1 (part 2)\step_01_pretraining_dataset_characterization\outputs\sampling_policy.json,True,1480,36b24e757709244ca1afbdaa5410ca4fce00156d43494cc37d185af4fb5c9b37
train_derived_bins,D:\DATA SCIENCE AND ANALYTICS\PROJECTS\Liver\mark 1 (part 2)\step_01_pretraining_dataset_characterization\outputs\train_derived_lesion_bins.json,True,679,2ac1e7089ca819264d0747296c93b22f57edbe4fb0faeff969dbfe91e44b56c4
step02_gate,D:\DATA SCIENCE AND ANALYTICS\PROJECTS\Liver\mark 1 (part 2)\step_02_fusion_freeze_confirmation\outputs\gate_result.json,True,2080,d3dfb86af103e048ece734ac88ffccfeaaaa84a68596ae9f8c1012e2ea72a9c8
step02_immutable_policy,D:\DATA SCIENCE AND ANALYTICS\PROJECTS\Liver\mark 1 (part 2)\step_02_fusion_freeze_confirmation\outputs\immutable_inference_policy.json,True,1750,a7de4cffd425bf0fdfb360f8cfba5fb973623158a546247aa6983a403adaf7a1
step02_configuration,D:\DATA SCIENCE AND ANALYTICS\PROJECTS\Liver\mark 1 (part 2)\step_02_fusion_freeze_confirmation\outputs\configuration.json,True,3857,d32aa112b0cfce4aa25ae4f928dee9af254fb0cfc3e4bc20d9fedab8963fdf9b
step02_provenance,D:\DATA SCIENCE AND ANALYTICS\PROJECTS\Liver\mark 1 (part 2)\step_02_fusion_freeze_confirmation\outputs\provenance.json,True,987,1022db414041ac2d0d9ee1d72f140b31dbe535205369c8c01944760869e4e0ee
step02_gate_table,D:\DATA SCIENCE AND ANALYTICS\PROJECTS\Liver\mark 1 (part 2)\step_02_fusion_freeze_confirmation\outputs\selected_gate_table.csv,True,532,ed237c4a0f92e41ef6578596915e82aaacb1b9895d1823573a22443e04618bd2
step02_uncertainty,D:\DATA SCIENCE AND ANALYTICS\PROJECTS\Liver\mark 1 (part 2)\step_02_fusion_freeze_confirmation\outputs\bootstrap_uncertainty.csv,True,181,c26b2bb7cb68cfda04d0f52962776fddd60cd48d65beeccbea7309c151846ebc
step02_patient_metrics,D:\DATA SCIENCE AND ANALYTICS\PROJECTS\Liver\mark 1 (part 2)\step_02_fusion_freeze_confirmation\outputs\patient_metrics.csv,True,803,f58b203001c951e22f8e230b8e857865d6c0a1b8cc87509db841c448f35ccaf0
step02_slice_metrics,D:\DATA SCIENCE AND ANALYTICS\PROJECTS\Liver\mark 1 (part 2)\step_02_fusion_freeze_confirmation\outputs\slice_metrics.csv,True,1190522,dbaf4f9b524789286b1283c75c5fa5d5abf15ea22fbe5d5c39045ff9db286787
step02_lesion_metrics,D:\DATA SCIENCE AND ANALYTICS\PROJECTS\Liver\mark 1 (part 2)\step_02_fusion_freeze_confirmation\outputs\lesion_or_size_metrics.csv,True,10647,4f24eb3523916406037c07f011e704d1d534594ac113bf76bf253c170d9e87d8
step02_cache_equivalence,D:\DATA SCIENCE AND ANALYTICS\PROJECTS\Liver\mark 1 (part 2)\step_02_fusion_freeze_confirmation\outputs\fresh_vs_historical_cache_equivalence.csv,True,2514,a4394cc5bb9d55c543f7e6786e9216c9629b3015a09798cb85b363248982f2cc
step02_hard_equivalence,D:\DATA SCIENCE AND ANALYTICS\PROJECTS\Liver\mark 1 (part 2)\step_02_fusion_freeze_confirmation\outputs\hard_prediction_equivalence.csv,True,670,2f520deecb3b3563b15f9be4cf7d731fb04c91e02d0cdf38d68d80d6d7e527e4
step02_determinism,D:\DATA SCIENCE AND ANALYTICS\PROJECTS\Liver\mark 1 (part 2)\step_02_fusion_freeze_confirmation\outputs\determinism_check.csv,True,1451,8a00b9b66e1083e166329a87b35a0586d40f9cb8449155595230c8f45f23248b
step02_cache_integrity,D:\DATA SCIENCE AND ANALYTICS\PROJECTS\Liver\mark 1 (part 2)\step_02_fusion_freeze_confirmation\outputs\cache_integrity.csv,True,2481,3fd479d1948dd011a0c3d4d07404746bb27bfb40d2180c54fe92290d51ddfd72
step02_notebook,D:\DATA SCIENCE AND ANALYTICS\PROJECTS\Liver\mark 1 (part 2)\step_02_fusion_freeze_confirmation\step_02_fusion_freeze_confirmation.ipynb,True,1226522,f4787a29b4b2ea57827636e5ee9d6e74e1cfb965aa67edd814fb66912489f1a3
loader_source,D:\DATA SCIENCE AND ANALYTICS\PROJECTS\Liver\src\framework\data\manifest_dataset.py,True,8213,3d9beeae9324c6dfc7e93472f0928afc5a4cdc7ca6734d121e2954595d25ed98
model_source,D:\DATA SCIENCE AND ANALYTICS\PROJECTS\Liver\src\framework\models\mobilenetv2_unet.py,True,4031,ce3afb27f841cec237478e598be8ea370a8456f4c4c151c5c10774e280f439e4
step02_validation_probability_cache,D:\DATA SCIENCE AND ANALYTICS\PROJECTS\Liver\mark 1 (part 2)\step_02_fusion_freeze_confirmation\outputs\probability_cache\volume_104.npz,True,582889,a5bfe86ce57dac8e574402f131c7b1b4e11b186248fc340d2a36bcdb60328df5
step02_validation_probability_cache,D:\DATA SCIENCE AND ANALYTICS\PROJECTS\Liver\mark 1 (part 2)\step_02_fusion_freeze_confirmation\outputs\probability_cache\volume_105.npz,True,604258,a8252054618b6d6b931d4f9f57a3cef18276701fd068cf89c0e30ddb39d70120
step02_validation_probability_cache,D:\DATA SCIENCE AND ANALYTICS\PROJECTS\Liver\mark 1 (part 2)\step_02_fusion_freeze_confirmation\outputs\probability_cache\volume_106.npz,True,483786,45b9c960bb73f8da66540c07ec24477395d3543007e70f0ffb59f511459de57c
step02_validation_probability_cache,D:\DATA SCIENCE AND ANALYTICS\PROJECTS\Liver\mark 1 (part 2)\step_02_fusion_freeze_confirmation\outputs\probability_cache\volume_107.npz,True,564088,f36de352e90df7d9b4ec5b408251f6d42aaf16223492577f659e41b91930282a
step02_validation_probability_cache,D:\DATA SCIENCE AND ANALYTICS\PROJECTS\Liver\mark 1 (part 2)\step_02_fusion_freeze_confirmation\outputs\probability_cache\volume_108.npz,True,4217861,d3242a266e7d05f05beab517e059f925920ae20865dac5dbbd1af71e00c4f38a
step02_validation_probability_cache,D:\DATA SCIENCE AND ANALYTICS\PROJECTS\Liver\mark 1 (part 2)\step_02_fusion_freeze_confirmation\outputs\probability_cache\volume_109.npz,True,807574,b32dbc9ec59a114f0bedf955dfe1bc38aef2b713cb6b04c836275cccf155422a
step02_validation_probability_cache,D:\DATA SCIENCE AND ANALYTICS\PROJECTS\Liver\mark 1 (part 2)\step_02_fusion_freeze_confirmation\outputs\probability_cache\volume_110.npz,True,848054,0442bba418af643cb67b4d2c68e95a92e80f22d0b4edea3faa22567b9da270c7
step02_validation_probability_cache,D:\DATA SCIENCE AND ANALYTICS\PROJECTS\Liver\mark 1 (part 2)\step_02_fusion_freeze_confirmation\outputs\probability_cache\volume_111.npz,True,551695,1c11f9ec9bc518d583a1682b706ea2916cb070de5907f91dc300f84298359e67
step02_validation_probability_cache,D:\DATA SCIENCE AND ANALYTICS\PROJECTS\Liver\mark 1 (part 2)\step_02_fusion_freeze_confirmation\outputs\probability_cache\volume_112.npz,True,509896,a0f302c2aa38e1a99f03987034f109f5838d97545eac765f530cc16a15955193
step02_validation_probability_cache,D:\DATA SCIENCE AND ANALYTICS\PROJECTS\Liver\mark 1 (part 2)\step_02_fusion_freeze_confirmation\outputs\probability_cache\volume_113.npz,True,909863,d4eb834ee854df9c5a0cd4b19bbbce03e5b5c13ab90bca91672aaeb6e30faedb
step02_validation_probability_cache,D:\DATA SCIENCE AND ANALYTICS\PROJECTS\Liver\mark 1 (part 2)\step_02_fusion_freeze_confirmation\outputs\probability_cache\volume_114.npz,True,507367,236ed468a4f2120bf350e54bdc3f3994590354863baaabafd6cbc238c0e75322
step02_validation_probability_cache,D:\DATA SCIENCE AND ANALYTICS\PROJECTS\Liver\mark 1 (part 2)\step_02_fusion_freeze_confirmation\outputs\probability_cache\volume_115.npz,True,666738,5b70dabb33ffb0b9fe7de741328ca4dde20843474a34cb4f217ca6765f47c271
step02_validation_probability_cache,D:\DATA SCIENCE AND ANALYTICS\PROJECTS\Liver\mark 1 (part 2)\step_02_fusion_freeze_confirmation\outputs\probability_cache\volume_116.npz,True,587224,ef52a775f5d8a6c8f8a25d011283d3b54fc2052e252c3cdc225e020b11771185
