volume_id,saved_slice_index,candidate_source_slice,offset,image_correlation
0,65,60,-5,0.8264777524206667
0,65,61,-4,0.8491281321592963
0,65,62,-3,0.873957016986585
0,65,63,-2,0.9039369466915849
0,65,64,-1,0.9541634370095656
0,65,65,0,1.0
0,65,66,1,0.9527856835917726
0,65,67,2,0.8839494754946533
0,65,68,3,0.8141536665607088
0,65,69,4,0.7297677716883265
0,65,70,5,0.6715596520237797
1,65,60,-5,0.8470867625795795
1,65,61,-4,0.8658296482955095
1,65,62,-3,0.8865744800470485
1,65,63,-2,0.9159105628063371
1,65,64,-1,0.9603624195656937
1,65,65,0,1.0
1,65,66,1,0.9553569588477446
1,65,67,2,0.8930474796716439
1,65,68,3,0.8239031945548367
1,65,69,4,0.7462603120232014
1,65,70,5,0.7014278871288447
2,436,431,-5,0.921787728759557
2,436,432,-4,0.937148094086558
2,436,433,-3,0.9558300738672997
2,436,434,-2,0.976710169677655
2,436,435,-1,0.9927625390250336
2,436,436,0,1.0
2,436,437,1,0.9925622046335245
2,436,438,2,0.9766539749456659
2,436,439,3,0.9587223956757079
2,436,440,4,0.9406366593507107
2,436,441,5,0.9236418799342749
3,432,427,-5,0.9131802491411061
3,432,428,-4,0.9322780857567928
3,432,429,-3,0.9524856646602242
3,432,430,-2,0.9732622927705478
3,432,431,-1,0.9916678849869095
3,432,432,0,1.0
3,432,433,1,0.9914627697893592
3,432,434,2,0.9724760757656529
3,432,435,3,0.9505042799126904
3,432,436,4,0.9292794566751825
3,432,437,5,0.9100619931993341
4,295,290,-5,0.9322365485367176
4,295,291,-4,0.9473787754240205
4,295,292,-3,0.9633256514084171
4,295,293,-2,0.979629710090761
4,295,294,-1,0.993665991610332
4,295,295,0,1.0
4,295,296,1,0.9934541660936094
4,295,297,2,0.9781618715028141
4,295,298,3,0.9605062752589697
4,295,299,4,0.9434241491046805
4,295,300,5,0.9276280499472742
4,347,342,-5,0.952949546550849
4,347,343,-4,0.9616926195276836
4,347,344,-3,0.9713855343602352
4,347,345,-2,0.9824270536938201
4,347,346,-1,0.9942065587450938
4,347,347,0,1.0
4,347,348,1,0.9944208667159851
4,347,349,2,0.9832686372442999
4,347,350,3,0.9717570931308449
4,347,351,4,0.9602826950457394
4,347,352,5,0.947895868353477
4,464,459,-5,0.9596211390106543
4,464,460,-4,0.9685732481048963
4,464,461,-3,0.9779736538410362
4,464,462,-2,0.9876143071749727
4,464,463,-1,0.9961380201875741
4,464,464,0,1.0
4,464,465,1,0.9957570806578162
4,464,466,2,0.9864763753521081
4,464,467,3,0.9765368344789329
4,464,468,4,0.9675173234593085
4,464,469,5,0.9604333017262026
4,472,467,-5,0.9620686142139492
4,472,468,-4,0.9689284358500734
4,472,469,-3,0.9776809799916268
4,472,470,-2,0.9873215291021916
4,472,471,-1,0.9960141260684345
4,472,472,0,1.0
4,472,473,1,0.9960298310345069
4,472,474,2,0.9872932549307026
4,472,475,3,0.97810560979029
4,472,476,4,0.9695162733271241
4,472,477,5,0.9616206885175616
4,511,506,-5,0.966828775434824
4,511,507,-4,0.9732783945633984
4,511,508,-3,0.9807098430960194
4,511,509,-2,0.9887397600854247
4,511,510,-1,0.9963549994782409
4,511,511,0,1.0
4,511,512,1,0.9962637599040083
4,511,513,2,0.988681933050547
4,511,514,3,0.9804086123774274
4,511,515,4,0.9719100260749259
4,511,516,5,0.9635631100936367
4,596,591,-5,0.9347486442069104
4,596,592,-4,0.9514334958329737
4,596,593,-3,0.9680940528681682
4,596,594,-2,0.983354119257912
4,596,595,-1,0.9952385215162148
4,596,596,0,1.0
4,596,597,1,0.9956002906849727
4,596,598,2,0.9849590641148016
4,596,599,3,0.9728418971294844
4,596,600,4,0.9603550746739261
4,596,601,5,0.9484178924943637
5,428,423,-5,0.9521460232168121
5,428,424,-4,0.962710747613598
5,428,425,-3,0.9730921798744181
5,428,426,-2,0.9828768527714375
5,428,427,-1,0.992578682880202
5,428,428,0,1.0
5,428,429,1,0.9926903933900725
5,428,430,2,0.9822284133505225
5,428,431,3,0.9708102293755174
5,428,432,4,0.9586294974676801
5,428,433,5,0.9465629278961551
6,450,445,-5,0.9171329683416609
6,450,446,-4,0.9346680549275458
6,450,447,-3,0.9536752751774581
6,450,448,-2,0.9741101905390349
6,450,449,-1,0.9919705086746421
6,450,450,0,1.0
6,450,451,1,0.9924878730331368
6,450,452,2,0.9763509502173964
6,450,453,3,0.9574334062281212
6,450,454,4,0.9383944856719334
6,450,455,5,0.9202251446723978
7,465,460,-5,0.8988785698712705
7,465,461,-4,0.9207649849551879
7,465,462,-3,0.9440444234825424
7,465,463,-2,0.9681357139958296
7,465,464,-1,0.990234499151348
7,465,465,0,1.0
7,465,466,1,0.9908636540577076
7,465,467,2,0.970411275902963
7,465,468,3,0.9471025502160838
7,465,469,4,0.9243637906271889
7,465,470,5,0.9031583999056484
8,464,459,-5,0.933914795443838
8,464,460,-4,0.9485805339994847
8,464,461,-3,0.9640719071357732
8,464,462,-2,0.9796240530712949
8,464,463,-1,0.9936652723958642
8,464,464,0,1.0
8,464,465,1,0.9934117864389401
8,464,466,2,0.9786586793141885
8,464,467,3,0.9607207847285276
8,464,468,4,0.9423845533142862
8,464,469,5,0.925391598260601
9,481,476,-5,0.9189688639255019
9,481,477,-4,0.9362127649143009
9,481,478,-3,0.9551623336622853
9,481,479,-2,0.9750027064429136
9,481,480,-1,0.9922892688452067
9,481,481,0,1.0
9,481,482,1,0.9922441844183706
9,481,483,2,0.974288123749663
9,481,484,3,0.9529632279402532
9,481,485,4,0.9315345495528298
9,481,486,5,0.9112280047111749
10,446,441,-5,0.9000701693003162
10,446,442,-4,0.9211571521324188
10,446,443,-3,0.9455856905237257
10,446,444,-2,0.9705738563715977
10,446,445,-1,0.9912368345084783
10,446,446,0,1.0
10,446,447,1,0.9916570931698755
10,446,448,2,0.9731553732897791
10,446,449,3,0.9513495625749444
10,446,450,4,0.9296539317749566
10,446,451,5,0.9091361183926056
11,386,381,-5,0.9126404889830297
11,386,382,-4,0.9323539400333622
11,386,383,-3,0.9519444577383406
11,386,384,-2,0.971957151101559
11,386,385,-1,0.9908266826196763
11,386,386,0,1.0
11,386,387,1,0.9910783269517859
11,386,388,2,0.9726630332503617
11,386,389,3,0.9543785288116203
11,386,390,4,0.9372709528126267
11,386,391,5,0.9204962048862769
12,396,391,-5,0.8989874340983013
12,396,392,-4,0.920713450191083
12,396,393,-3,0.9423053263357061
12,396,394,-2,0.9647582503843002
12,396,395,-1,0.9872676131222035
12,396,396,0,1.0
12,396,397,1,0.9885901900997544
12,396,398,2,0.9684194971876402
12,396,399,3,0.9511594584509151
12,396,400,4,0.9359493640379135
12,396,401,5,0.9218880578309633
13,372,367,-5,0.9481627567082307
13,372,368,-4,0.9596030729503123
13,372,369,-3,0.9720681218869502
13,372,370,-2,0.9836344282575835
13,372,371,-1,0.9944171029110371
13,372,372,0,1.0
13,372,373,1,0.9943091686093364
13,372,374,2,0.9825205472106749
13,372,375,3,0.969887994102797
13,372,376,4,0.9573799516935608
13,372,377,5,0.9456361508701793
14,353,348,-5,0.9378483902795807
14,353,349,-4,0.9504365671854003
14,353,350,-3,0.9641607416733365
14,353,351,-2,0.9778514345183328
14,353,352,-1,0.9926088260623648
14,353,353,0,1.0
14,353,354,1,0.9928213076354544
14,353,355,2,0.978148364678065
14,353,356,3,0.9637991851545533
14,353,357,4,0.9497516192716738
14,353,358,5,0.9359259406290907
15,324,319,-5,0.9313388668125839
15,324,320,-4,0.9428821111630794
15,324,321,-3,0.9572464315209699
15,324,322,-2,0.9740765249959119
15,324,323,-1,0.9913924652434093
15,324,324,0,1.0
15,324,325,1,0.9910972240166871
15,324,326,2,0.9724297479609636
15,324,327,3,0.9510866113827654
15,324,328,4,0.9312025178936044
15,324,329,5,0.9134432725070316
16,394,389,-5,0.9617082467918228
16,394,390,-4,0.9702670321118196
16,394,391,-3,0.9794570027491936
16,394,392,-2,0.9888374353212959
16,394,393,-1,0.9967277660284266
16,394,394,0,1.0
16,394,395,1,0.996677308640313
16,394,396,2,0.9885420385274775
16,394,397,3,0.9780178603476452
16,394,398,4,0.9669993449985408
16,394,399,5,0.9571277930196121
17,471,466,-5,0.9516236511837911
17,471,467,-4,0.9624890746887022
17,471,468,-3,0.9738869428225966
17,471,469,-2,0.9854999599687952
17,471,470,-1,0.9954625137931752
17,471,471,0,1.0
17,471,472,1,0.9950756259698115
17,471,473,2,0.9838701702373841
17,471,474,3,0.9717053573496371
17,471,475,4,0.9602192924575115
17,471,476,5,0.9498625723377973
18,494,489,-5,0.9626739109938359
18,494,490,-4,0.9719158993724503
18,494,491,-3,0.9810750575274138
18,494,492,-2,0.9900444856881288
18,494,493,-1,0.9971100468736521
18,494,494,0,1.0
18,494,495,1,0.9970659824368426
18,494,496,2,0.9899217578886458
18,494,497,3,0.9807001687887674
18,494,498,4,0.9712196686613888
18,494,499,5,0.962025751501296
19,442,437,-5,0.9415943114362659
19,442,438,-4,0.9534034070615072
19,442,439,-3,0.9648839087935835
19,442,440,-2,0.9766928047377187
19,442,441,-1,0.9895894097213208
19,442,442,0,1.0
19,442,443,1,0.9897737301507015
19,442,444,2,0.9769492875771006
19,442,445,3,0.9646968206436164
19,442,446,4,0.9515363338274118
19,442,447,5,0.9385051619410036
20,476,471,-5,0.9398561071755053
20,476,472,-4,0.9504875709001983
20,476,473,-3,0.9628367566757714
20,476,474,-2,0.9767500952062104
20,476,475,-1,0.9907781334785938
20,476,476,0,1.0
20,476,477,1,0.9907802676428019
20,476,478,2,0.977508962699385
20,476,479,3,0.9645837294881539
20,476,480,4,0.9505439789000066
20,476,481,5,0.9363494433442092
21,399,394,-5,0.9401600903129995
21,399,395,-4,0.9531297300971849
21,399,396,-3,0.9670205726322633
21,399,397,-2,0.9812253461352678
21,399,398,-1,0.9939343069452465
21,399,399,0,1.0
21,399,400,1,0.9945388672482676
21,399,401,2,0.9826625767557243
21,399,402,3,0.9688741548695656
21,399,403,4,0.9546704489585666
21,399,404,5,0.940610065222999
22,132,127,-5,0.9265787999901587
22,132,128,-4,0.9379400116815533
22,132,129,-3,0.9508109214674773
22,132,130,-2,0.9681656902528
22,132,131,-1,0.9878292739300295
22,132,132,0,1.0
22,132,133,1,0.9875613100473981
22,132,134,2,0.9647278261616007
22,132,135,3,0.9441304557852489
22,132,136,4,0.9221423295829491
22,132,137,5,0.8972169323817796
23,336,331,-5,0.9250631517424612
23,336,332,-4,0.9418392205329477
23,336,333,-3,0.9590000603095921
23,336,334,-2,0.9764046502890628
23,336,335,-1,0.9917925134033493
23,336,336,0,1.0
23,336,337,1,0.9920373710656857
23,336,338,2,0.9769137375225948
23,336,339,3,0.9621425405901556
23,336,340,4,0.9494604319778016
23,336,341,5,0.93482746275371
24,234,229,-5,0.8625089494054745
24,234,230,-4,0.8844754198008745
24,234,231,-3,0.9123989531265037
24,234,232,-2,0.9471214303972179
24,234,233,-1,0.9807259813273875
24,234,234,0,1.0
24,234,235,1,0.9804495169790989
24,234,236,2,0.9441847914862752
24,234,237,3,0.910657742543037
24,234,238,4,0.8828352798769306
24,234,239,5,0.856460990698646
25,512,507,-5,0.9799767760518726
25,512,508,-4,0.9848503815977996
25,512,509,-3,0.9895090658725442
25,512,510,-2,0.9938295234187133
25,512,511,-1,0.9980262901516779
25,512,512,0,1.0
25,512,513,1,0.9980741781403616
25,512,514,2,0.9940662267641455
25,512,515,3,0.9894415671446256
25,512,516,4,0.9843540683854086
25,512,517,5,0.9790703753975571
26,388,383,-5,0.9644395999852592
26,388,384,-4,0.9700820168428362
26,388,385,-3,0.9763776883790375
26,388,386,-2,0.9831936770135399
26,388,387,-1,0.9970289169729263
26,388,388,0,1.0
26,388,389,1,0.9910435631552911
26,388,390,2,0.9843655964970501
26,388,391,3,0.9632916606595757
26,388,392,4,0.9563444501221985
26,388,393,5,0.9435179738619769
27,490,485,-5,0.9697200743652694
27,490,486,-4,0.9764852875882329
27,490,487,-3,0.9831056966877035
27,490,488,-2,0.9896531502325566
27,490,489,-1,0.9965445386493923
27,490,490,0,1.0
27,490,491,1,0.9966758192412074
27,490,492,2,0.9904972044138056
27,490,493,3,0.983366640818314
27,490,494,4,0.9751815899653706
27,490,495,5,0.9673003939700854
28,96,91,-5,0.9193134088372749
28,96,92,-4,0.9310330888533418
28,96,93,-3,0.9453621591062586
28,96,94,-2,0.9643772954623211
28,96,95,-1,0.9829856260394745
28,96,96,0,1.0
28,96,97,1,0.9854686058217028
28,96,98,2,0.9621739863404173
28,96,99,3,0.938238708567403
28,96,100,4,0.9158006271184984
28,96,101,5,0.8884671106062961
29,126,121,-5,0.9395840026234281
29,126,122,-4,0.94967324189993
29,126,123,-3,0.9635609606532655
29,126,124,-2,0.97647446816997
29,126,125,-1,0.9896881142134344
29,126,126,0,1.0
29,126,127,1,0.988682664774008
29,126,128,2,0.9707230951957453
29,126,129,3,0.9524536871792117
29,126,130,4,0.937135398453115
29,126,131,5,0.9215174452714961
30,141,136,-5,0.910331720444628
30,141,137,-4,0.9278952089598101
30,141,138,-3,0.9490022231685863
30,141,139,-2,0.9707278433992782
30,141,140,-1,0.9890942105856402
30,141,141,0,1.0
30,141,142,1,0.9884345487228889
30,141,143,2,0.9678358652414083
30,141,144,3,0.9452438800993092
30,141,145,4,0.9252868621603589
30,141,146,5,0.9067376904621368
31,71,66,-5,0.9114635650683817
31,71,67,-4,0.9290549411939802
31,71,68,-3,0.9483453839898198
31,71,69,-2,0.9693164605809508
31,71,70,-1,0.990040245177398
31,71,71,0,1.0
31,71,72,1,0.9884341826517892
31,71,73,2,0.9641408373908891
31,71,74,3,0.9364784986711779
31,71,75,4,0.9114851990986456
31,71,76,5,0.8851875148445693
32,94,89,-5,0.8812734874915861
32,94,90,-4,0.9022997815045272
32,94,91,-3,0.9250659937445064
32,94,92,-2,0.9516739576668795
32,94,93,-1,0.9799127190324733
32,94,94,0,1.0
32,94,95,1,0.980863612399506
32,94,96,2,0.954424572306435
32,94,97,3,0.9278993264384078
32,94,98,4,0.8991191515181566
32,94,99,5,0.8733691209844885
33,19,14,-5,0.864569101013392
33,19,15,-4,0.8862377086524642
33,19,16,-3,0.9142120960765586
33,19,17,-2,0.9414871081252797
33,19,18,-1,0.9708771383421556
33,19,19,0,1.0
33,19,20,1,0.9721155256203275
33,19,21,2,0.9400774492597943
33,19,22,3,0.9113519064282736
33,19,23,4,0.8898920269685278
33,19,24,5,0.8710610831938767
33,37,32,-5,0.8799601286087281
33,37,33,-4,0.8990920716895237
33,37,34,-3,0.9206630374419207
33,37,35,-2,0.9439860573901225
33,37,36,-1,0.9732653427198872
33,37,37,0,1.0
33,37,38,1,0.9690838724102423
33,37,39,2,0.930599287659614
33,37,40,3,0.902196820880972
33,37,41,4,0.8747736747026238
33,37,42,5,0.8475428503190134
33,85,80,-5,0.8682178187233055
33,85,81,-4,0.8918090596750686
33,85,82,-3,0.9171025816756969
33,85,83,-2,0.9458423696727689
33,85,84,-1,0.9764987382036653
33,85,85,0,1.0
33,85,86,1,0.973990103025573
33,85,87,2,0.944114106163386
33,85,88,3,0.9186972373293014
33,85,89,4,0.8977697694864908
33,85,90,5,0.8799812388645366
33,99,94,-5,0.8765354476327253
33,99,95,-4,0.897471883564209
33,99,96,-3,0.9213810840216617
33,99,97,-2,0.9506116810517699
33,99,98,-1,0.9796946677704241
33,99,99,0,1.0
33,99,100,1,0.9788635168590122
33,99,101,2,0.9490268386686097
33,99,102,3,0.9178101391312482
33,99,103,4,0.8837302958317869
33,99,104,5,0.8537955025199859
33,100,95,-5,0.8742119312795434
33,100,96,-4,0.8961931037066203
33,100,97,-3,0.9219042344122595
33,100,98,-2,0.949165952268539
33,100,99,-1,0.9788635168590122
33,100,100,0,1.0
33,100,101,1,0.9785863245053485
33,100,102,2,0.9463248036252818
33,100,103,3,0.9109425637059562
33,100,104,4,0.8785669680634471
33,100,105,5,0.8488642589193334
33,132,127,-5,0.7060643912765983
33,132,128,-4,0.7534428943951554
33,132,129,-3,0.8131713956479105
33,132,130,-2,0.8861341828541385
33,132,131,-1,0.9615422824699904
33,132,132,0,1.0
33,132,133,1,0.967577780677435
33,132,134,2,0.9242931240876712
34,114,109,-5,0.9125296153806454
34,114,110,-4,0.9287339981214124
34,114,111,-3,0.9464210069245902
34,114,112,-2,0.966052745162094
34,114,113,-1,0.987872676541983
34,114,114,0,1.0
34,114,115,1,0.9901686304170421
34,114,116,2,0.9723707530825701
34,114,117,3,0.9532266895804741
34,114,118,4,0.9341461357598316
34,114,119,5,0.9153754450513112
35,99,94,-5,0.9125244793613566
35,99,95,-4,0.9289339415413744
35,99,96,-3,0.946069555101283
35,99,97,-2,0.9643327595225932
35,99,98,-1,0.9850064858655352
35,99,99,0,1.0
35,99,100,1,0.9860165249316826
35,99,101,2,0.9623949957132217
35,99,102,3,0.939557920776508
35,99,103,4,0.9166335359818942
35,99,104,5,0.8938657986281037
36,68,63,-5,0.906455491069211
36,68,64,-4,0.9234352217571384
36,68,65,-3,0.9423372935735193
36,68,66,-2,0.9643214112433844
36,68,67,-1,0.9867567009054546
36,68,68,0,1.0
36,68,69,1,0.9856879857662624
36,68,70,2,0.9633383040707164
36,68,71,3,0.9420776821022233
36,68,72,4,0.9221416380266841
36,68,73,5,0.900268863709623
37,76,71,-5,0.9286079194944848
37,76,72,-4,0.9428187803898171
37,76,73,-3,0.9572454614474629
37,76,74,-2,0.9721112781271507
37,76,75,-1,0.9881615472716423
37,76,76,0,1.0
37,76,77,1,0.987878076260419
37,76,78,2,0.9720145288055451
37,76,79,3,0.9564767633461249
37,76,80,4,0.9423098164575165
37,76,81,5,0.9308012143085171
38,98,93,-5,0.9016406688076808
38,98,94,-4,0.9216740798530026
38,98,95,-3,0.9421948150787555
38,98,96,-2,0.963418262603718
38,98,97,-1,0.9855547379970201
38,98,98,0,1.0
38,98,99,1,0.9829496896551119
38,98,100,2,0.9620555787395761
38,98,101,3,0.9437105031547318
38,98,102,4,0.9234932081074815
38,98,103,5,0.9026789942043247
39,190,185,-5,0.9690516918348479
39,190,186,-4,0.9746743025803469
39,190,187,-3,0.9814773539522145
39,190,188,-2,0.9891951389067749
39,190,189,-1,0.9963189876685407
39,190,190,0,1.0
39,190,191,1,0.9966645989815371
39,190,192,2,0.9889368439461517
39,190,193,3,0.9801314413812865
39,190,194,4,0.9713607733724758
39,190,195,5,0.9631935114095984
40,80,75,-5,0.895900396471193
40,80,76,-4,0.911922018326741
40,80,77,-3,0.9316999064863444
40,80,78,-2,0.9540928643468792
40,80,79,-1,0.979302881806728
40,80,80,0,1.0
40,80,81,1,0.9782379297797918
40,80,82,2,0.9462340070146796
40,80,83,3,0.9295453819433017
40,80,84,4,0.9113765114097493
40,80,85,5,0.8924303389702676
41,79,74,-5,0.9245424326126791
41,79,75,-4,0.9372804886689309
41,79,76,-3,0.9521764713256615
41,79,77,-2,0.9681006617582851
41,79,78,-1,0.9866965003432041
41,79,79,0,1.0
41,79,80,1,0.9858551072293303
41,79,81,2,0.9688958247771203
41,79,82,3,0.9512932721060525
41,79,83,4,0.9325234464125917
41,79,84,5,0.9124378193142497
42,83,78,-5,0.9323730776561109
42,83,79,-4,0.9430119692414745
42,83,80,-3,0.9538719205174988
42,83,81,-2,0.9678448783038434
42,83,82,-1,0.9842866248312319
42,83,83,0,1.0
42,83,84,1,0.9853586174743302
42,83,85,2,0.9699034087893019
42,83,86,3,0.9552998646496257
42,83,87,4,0.9420489707261819
42,83,88,5,0.9281063609134563
43,119,114,-5,0.8848962316107164
43,119,115,-4,0.9054076412484818
43,119,116,-3,0.9235864632233154
43,119,117,-2,0.944518019650697
43,119,118,-1,0.9747806022520891
43,119,119,0,1.0
43,119,120,1,0.9748145141691724
43,119,121,2,0.9457311474905045
43,119,122,3,0.9127999654989185
43,119,123,4,0.8796909613251305
43,119,124,5,0.850119697490089
44,1,0,-1,0.9637838838103394
44,1,1,0,1.0
44,1,2,1,0.9659724974909354
44,1,3,2,0.9245976217631201
44,1,4,3,0.8829686005006496
44,1,5,4,0.8535815990003088
44,1,6,5,0.8349743961212074
44,57,52,-5,0.8847545790431945
44,57,53,-4,0.9034942150106221
44,57,54,-3,0.9261606467106808
44,57,55,-2,0.952099399540669
44,57,56,-1,0.9798561859698052
44,57,57,0,1.0
44,57,58,1,0.9794750106835977
44,57,59,2,0.9506055682032366
44,57,60,3,0.9271923012607481
44,57,61,4,0.9089045862271838
44,57,62,5,0.8926415892013303
44,81,76,-5,0.9038035772539714
44,81,77,-4,0.9230601042138246
44,81,78,-3,0.9439709818634555
44,81,79,-2,0.9657861035330739
44,81,80,-1,0.9863241796095515
44,81,81,0,1.0
44,81,82,1,0.9857146780230929
44,81,83,2,0.9620431302514345
44,81,84,3,0.9364027152679765
44,81,85,4,0.9120309512950636
44,81,86,5,0.8902208319338638
44,97,92,-5,0.8257851614956165
44,97,93,-4,0.8533882940448385
44,97,94,-3,0.8852845245802453
44,97,95,-2,0.9277177769003138
44,97,96,-1,0.977489328560743
44,97,97,0,1.0
44,97,98,1,0.9829271493330742
44,97,99,2,0.9567655740223676
44,97,100,3,0.929401882805887
44,97,101,4,0.9030090827807639
44,97,102,5,0.8768122320523353
44,113,108,-5,0.8808691799394729
44,113,109,-4,0.9047292405610037
44,113,110,-3,0.9326709668399725
44,113,111,-2,0.9603886977336533
44,113,112,-1,0.985235907390172
44,113,113,0,1.0
44,113,114,1,0.9876892982230479
44,113,115,2,0.9697558416567289
44,113,116,3,0.9502781163582453
44,113,117,4,0.9306415682521301
44,113,118,5,0.9112179756620118
44,116,111,-5,0.8996140192075427
44,116,112,-4,0.9239601836253251
44,116,113,-3,0.9502781163582453
44,116,114,-2,0.9722700538008424
44,116,115,-1,0.9895574369111816
44,116,116,0,1.0
44,116,117,1,0.9888369219123834
44,116,118,2,0.9695720738726199
45,51,46,-5,0.8937687782009597
45,51,47,-4,0.9139663755390546
45,51,48,-3,0.9326057365501714
45,51,49,-2,0.9517252612588945
45,51,50,-1,0.9787863145986716
45,51,51,0,1.0
45,51,52,1,0.9790934737589393
45,51,53,2,0.9417623053994092
45,51,54,3,0.9045034490024756
45,51,55,4,0.8678919224265602
45,51,56,5,0.8336162361333259
46,58,53,-5,0.859329650572663
46,58,54,-4,0.883056962108995
46,58,55,-3,0.906871852471794
46,58,56,-2,0.936523341501809
46,58,57,-1,0.9702142570128365
46,58,58,0,1.0
46,58,59,1,0.9689373208231248
46,58,60,2,0.9148734577444745
46,58,61,3,0.8547898321605054
46,58,62,4,0.7779972815604651
46,58,63,5,0.7063882390366489
47,182,177,-5,0.8893125919530579
47,182,178,-4,0.9086297604304545
47,182,179,-3,0.933377230733415
47,182,180,-2,0.9600355566307176
47,182,181,-1,0.9868297462632504
47,182,182,0,1.0
47,182,183,1,0.9867996245723502
47,182,184,2,0.9603623139389611
47,182,185,3,0.9326210892589363
47,182,186,4,0.9052244038191529
47,182,187,5,0.8790251838177702
48,150,145,-5,0.9207027104809872
48,150,146,-4,0.9345269534297342
48,150,147,-3,0.9471624301705694
48,150,148,-2,0.9617099378344479
48,150,149,-1,0.985305328449702
48,150,150,0,1.0
48,150,151,1,0.9883447284984833
48,150,152,2,0.9689572870312345
48,150,153,3,0.9510025920550759
48,150,154,4,0.9341684198687975
48,150,155,5,0.9190679824432593
49,154,149,-5,0.9207385661546288
49,154,150,-4,0.9357420752609436
49,154,151,-3,0.9493596579326625
49,154,152,-2,0.9667319152227625
49,154,153,-1,0.9874551020025018
49,154,154,0,1.0
49,154,155,1,0.9865227641246449
49,154,156,2,0.9626544120978042
49,154,157,3,0.94018744336001
49,154,158,4,0.9168000579460257
49,154,159,5,0.8945591220067497
50,138,133,-5,0.9549102135558605
50,138,134,-4,0.9645004338862851
50,138,135,-3,0.9743606890833416
50,138,136,-2,0.9845497325080658
50,138,137,-1,0.9923908736572136
50,138,138,0,1.0
50,138,139,1,0.9938868793650846
50,138,140,2,0.9819942369855903
50,138,141,3,0.9661173106197851
50,138,142,4,0.9471974214283634
50,138,143,5,0.9269992821865726
51,133,128,-5,0.8311135069575426
51,133,129,-4,0.8609396811045299
51,133,130,-3,0.8958399020103056
51,133,131,-2,0.9329836518866876
51,133,132,-1,0.9737403638108114
51,133,133,0,1.0
51,133,134,1,0.974597624546196
51,133,135,2,0.9374930529138613
51,133,136,3,0.9032123038830749
51,133,137,4,0.8709744677819292
51,133,138,5,0.8439725482036342
52,135,130,-5,0.9247246784384898
52,135,131,-4,0.9369223509138607
52,135,132,-3,0.9507731738161281
52,135,133,-2,0.9667218571198017
52,135,134,-1,0.9871359249407801
52,135,135,0,1.0
52,135,136,1,0.986915622927728
52,135,137,2,0.9643683426633003
52,135,138,3,0.9397048754368647
52,135,139,4,0.9144660828989641
52,135,140,5,0.8845480677722678
53,84,79,-5,0.8603063026565672
53,84,80,-4,0.8776098170173068
53,84,81,-3,0.9047589840681626
53,84,82,-2,0.9385186204384864
53,84,83,-1,0.9743839775835493
53,84,84,0,1.0
53,84,85,1,0.9740716237239258
53,84,86,2,0.9375584519697031
53,84,87,3,0.9025061793174268
53,84,88,4,0.8664900806605329
53,84,89,5,0.8431772822421513
54,74,69,-5,0.8537943120535381
54,74,70,-4,0.877875407361873
54,74,71,-3,0.9057793852057034
54,74,72,-2,0.9351060622251404
54,74,73,-1,0.9743608481070274
54,74,74,0,1.0
54,74,75,1,0.9720349227422607
54,74,76,2,0.9264589511657736
54,74,77,3,0.8753336079448424
54,74,78,4,0.8206883232227499
54,74,79,5,0.7743099143353722
55,152,147,-5,0.928169338614752
55,152,148,-4,0.9455847241640021
55,152,149,-3,0.9636049787245682
55,152,150,-2,0.9798229413277916
55,152,151,-1,0.9938077070195765
55,152,152,0,1.0
55,152,153,1,0.9937650978477685
55,152,154,2,0.9801447468848077
55,152,155,3,0.9650277210137262
55,152,156,4,0.9505718688437523
55,152,157,5,0.9366308470948774
56,195,190,-5,0.9321021118234326
56,195,191,-4,0.9410659840214104
56,195,192,-3,0.9533359483857984
56,195,193,-2,0.9699025948099926
56,195,194,-1,0.9893354768400885
56,195,195,0,1.0
56,195,196,1,0.9892504744467653
56,195,197,2,0.9714898336931208
56,195,198,3,0.95370766276396
56,195,199,4,0.9365847463134199
56,195,200,5,0.9206657749568524
57,310,305,-5,0.9574367788913793
57,310,306,-4,0.9652996537153792
57,310,307,-3,0.9753169849503889
57,310,308,-2,0.9860968880644028
57,310,309,-1,0.9956949571775765
57,310,310,0,1.0
57,310,311,1,0.9955205050284678
57,310,312,2,0.985812043845337
57,310,313,3,0.9760253409737087
57,310,314,4,0.9671094692655194
57,310,315,5,0.958436858842682
58,180,175,-5,0.8606490050439989
58,180,176,-4,0.8901563058171543
58,180,177,-3,0.9190666796847157
58,180,178,-2,0.950229616377656
58,180,179,-1,0.9815121428879047
58,180,180,0,1.0
58,180,181,1,0.9805710625916496
58,180,182,2,0.9440728738555175
58,180,183,3,0.9048151416644471
58,180,184,4,0.8672800510566233
58,180,185,5,0.8333704898275195
59,182,177,-5,0.8633888001301326
59,182,178,-4,0.8880108123558367
59,182,179,-3,0.9157801137328617
59,182,180,-2,0.9475229673913778
59,182,181,-1,0.9806940616204708
59,182,182,0,1.0
59,182,183,1,0.9817273339569507
59,182,184,2,0.9539823825227375
59,182,185,3,0.9274721109030074
59,182,186,4,0.9012818876134059
59,182,187,5,0.881624839446627
60,202,197,-5,0.9005888009113876
60,202,198,-4,0.918872018977012
60,202,199,-3,0.9409318464104258
60,202,200,-2,0.9620250303639741
60,202,201,-1,0.9845931257305787
60,202,202,0,1.0
60,202,203,1,0.9846538502598846
60,202,204,2,0.9599426307367604
60,202,205,3,0.9390719125165263
60,202,206,4,0.9206205310213887
60,202,207,5,0.9035555507033274
61,166,161,-5,0.8454916551990801
61,166,162,-4,0.8784438070865431
61,166,163,-3,0.9120861232986053
61,166,164,-2,0.9493241110144276
61,166,165,-1,0.9834199168085348
61,166,166,0,1.0
61,166,167,1,0.983628156882089
61,166,168,2,0.9522496486001522
61,166,169,3,0.9200314185237839
61,166,170,4,0.8829873384920287
61,166,171,5,0.8409954495904924
62,158,153,-5,0.917315769918605
62,158,154,-4,0.929807693177039
62,158,155,-3,0.9433662215705675
62,158,156,-2,0.9600974293165533
62,158,157,-1,0.9835362545496908
62,158,158,0,1.0
62,158,159,1,0.9866554505869787
62,158,160,2,0.9643580204930504
62,158,161,3,0.9425958991908322
62,158,162,4,0.9104312967425593
62,158,163,5,0.8693150207057522
63,82,77,-5,0.7903089368967183
63,82,78,-4,0.822554003639261
63,82,79,-3,0.8528599451045822
63,82,80,-2,0.8935594942201668
63,82,81,-1,0.9545050016175944
63,82,82,0,1.0
63,82,83,1,0.9566685748827316
63,82,84,2,0.8897665494184634
63,82,85,3,0.8368120073613986
63,82,86,4,0.7982032163269515
63,82,87,5,0.7687535521832917
64,192,187,-5,0.912647572981737
64,192,188,-4,0.9291711368111243
64,192,189,-3,0.9444507676625992
64,192,190,-2,0.9630433532825102
64,192,191,-1,0.9843262437276995
64,192,192,0,1.0
64,192,193,1,0.9836616639228837
64,192,194,2,0.9563150039908838
64,192,195,3,0.9318088806017448
64,192,196,4,0.9074349049109497
64,192,197,5,0.8816247927243717
65,426,421,-5,0.956372739955828
65,426,422,-4,0.9659472096949245
65,426,423,-3,0.9762392847519666
65,426,424,-2,0.9859521197732319
65,426,425,-1,0.9949542088258132
65,426,426,0,1.0
65,426,427,1,0.9945837925964811
65,426,428,2,0.9840680502048735
65,426,429,3,0.9719862606092767
65,426,430,4,0.9594200212487036
65,426,431,5,0.9463216033354894
66,73,68,-5,0.793282212599156
66,73,69,-4,0.8070583697638363
66,73,70,-3,0.8338370611193289
66,73,71,-2,0.8882946542181155
66,73,72,-1,0.9512010422961039
66,73,73,0,1.0
66,73,74,1,0.9470769182029127
66,73,75,2,0.8777675020271407
66,73,76,3,0.8263576532560732
66,73,77,4,0.7805749590562465
66,73,78,5,0.7309754055653818
67,135,130,-5,0.8871319534067981
67,135,131,-4,0.9058211776810324
67,135,132,-3,0.9273998997905648
67,135,133,-2,0.95446748606159
67,135,134,-1,0.9849678142607763
67,135,135,0,1.0
67,135,136,1,0.9836856891425168
67,135,137,2,0.9513813190171372
67,135,138,3,0.9197324281398402
67,135,139,4,0.8890616416322662
67,135,140,5,0.8556643553328572
68,138,133,-5,0.918715417348245
68,138,134,-4,0.9277403707611949
68,138,135,-3,0.9384613550655895
68,138,136,-2,0.9583936737426298
68,138,137,-1,0.9854713658961101
68,138,138,0,1.0
68,138,139,1,0.9858513086764672
68,138,140,2,0.957329678958995
68,138,141,3,0.9279130281305905
68,138,142,4,0.8968101684100677
68,138,143,5,0.8574699326037173
69,203,198,-5,0.8781208206171811
69,203,199,-4,0.9019499079813751
69,203,200,-3,0.9253447917102018
69,203,201,-2,0.9497882738158293
69,203,202,-1,0.979439421817534
69,203,203,0,1.0
69,203,204,1,0.977894134062223
69,203,205,2,0.9428632400711653
69,203,206,3,0.9130971620253285
69,203,207,4,0.8806701843118058
69,203,208,5,0.8448722299136842
70,287,282,-5,0.9305208801471744
70,287,283,-4,0.9436534535052321
70,287,284,-3,0.9596247158838749
70,287,285,-2,0.9780957348817501
70,287,286,-1,0.9935724478133544
70,287,287,0,1.0
70,287,288,1,0.9928847919168003
70,287,289,2,0.97683493612037
70,287,290,3,0.9582801725835518
70,287,291,4,0.9394351172405646
70,287,292,5,0.9207646788940836
71,77,72,-5,0.7573498464270213
71,77,73,-4,0.7866579839252075
71,77,74,-3,0.8219831232927509
71,77,75,-2,0.8742346530915872
71,77,76,-1,0.9381679690095733
71,77,77,0,1.0
71,77,78,1,0.9311088994745703
71,77,79,2,0.8406714520109791
71,77,80,3,0.7683311497538107
71,77,81,4,0.6807749431519107
71,77,82,5,0.6034149519159994
72,62,57,-5,0.8731300480252968
72,62,58,-4,0.8987121458290092
72,62,59,-3,0.9256552597785725
72,62,60,-2,0.9529222528739308
72,62,61,-1,0.9831898754233312
72,62,62,0,1.0
72,62,63,1,0.9824278149350874
72,62,64,2,0.9480048056158565
72,62,65,3,0.9123044705579595
72,62,66,4,0.8776036315558512
72,62,67,5,0.8424855267298629
73,98,93,-5,0.8870080502024131
73,98,94,-4,0.9017452310810521
73,98,95,-3,0.920474421910059
73,98,96,-2,0.9444238497411062
73,98,97,-1,0.9757619917896749
73,98,98,0,1.0
73,98,99,1,0.9770493823703528
73,98,100,2,0.9419990418511109
73,98,101,3,0.9134423359955133
73,98,102,4,0.891795977625134
73,98,103,5,0.8735042320431798
74,79,74,-5,0.8495167834972774
74,79,75,-4,0.8808129805380519
74,79,76,-3,0.901713294576647
74,79,77,-2,0.9261490782907557
74,79,78,-1,0.9681872863979603
74,79,79,0,1.0
74,79,80,1,0.9700519914548575
74,79,81,2,0.9227945835571564
74,79,82,3,0.8754935155657295
74,79,83,4,0.8345012587255093
74,79,84,5,0.8034806928327967
75,74,69,-5,0.8398226989583295
75,74,70,-4,0.8578024615625064
75,74,71,-3,0.884574386123929
75,74,72,-2,0.9178348127598954
75,74,73,-1,0.9605992900490761
75,74,74,0,1.0
75,74,75,1,0.9596559542979984
75,74,76,2,0.9086508613995014
75,74,77,3,0.8530008983942087
75,74,78,4,0.7946566619929326
75,74,79,5,0.7511928782899677
76,135,130,-5,0.8378830789142332
76,135,131,-4,0.872903061654483
76,135,132,-3,0.9088890191071404
76,135,133,-2,0.9442472527341851
76,135,134,-1,0.980210549900098
76,135,135,0,1.0
76,135,136,1,0.9783111023803128
76,135,137,2,0.9403946125639824
76,135,138,3,0.8979270250296236
76,135,139,4,0.8660182676278205
76,135,140,5,0.8359606171280677
77,80,75,-5,0.729667859635606
77,80,76,-4,0.7581425871432791
77,80,77,-3,0.7973959173414592
77,80,78,-2,0.8608335720021782
77,80,79,-1,0.9403258375103172
77,80,80,0,1.0
77,80,81,1,0.9521644189006372
77,80,82,2,0.8876495488904408
77,80,83,3,0.8422180965529669
77,80,84,4,0.8138447059162128
77,80,85,5,0.7991583482544893
78,152,147,-5,0.9340467520540424
78,152,148,-4,0.948926466996219
78,152,149,-3,0.9656938003586827
78,152,150,-2,0.9814194941966774
78,152,151,-1,0.9943746267514965
78,152,152,0,1.0
78,152,153,1,0.994590842899484
78,152,154,2,0.9819974945514371
78,152,155,3,0.9672543894012129
78,152,156,4,0.9533169038687102
78,152,157,5,0.9396695770852213
79,125,120,-5,0.8194603213776319
79,125,121,-4,0.8460078542434818
79,125,122,-3,0.8791653801998693
79,125,123,-2,0.9186525868515893
79,125,124,-1,0.9711656956638385
79,125,125,0,1.0
79,125,126,1,0.964307601713574
79,125,127,2,0.9089873560181084
79,125,128,3,0.846196097656318
79,125,129,4,0.7867947886350627
79,125,130,5,0.7220421017935528
80,177,172,-5,0.9211135332731357
80,177,173,-4,0.935170816909597
80,177,174,-3,0.9514372985572119
80,177,175,-2,0.9691688448355716
80,177,176,-1,0.9863281678465003
80,177,177,0,1.0
80,177,178,1,0.9863697088180836
80,177,179,2,0.9676567280805182
80,177,180,3,0.9487619743413457
80,177,181,4,0.9298227687450672
80,177,182,5,0.9115424862717824
81,275,270,-5,0.9499326517298355
81,275,271,-4,0.9592178361081566
81,275,272,-3,0.9699314321622446
81,275,273,-2,0.9829544953118603
81,275,274,-1,0.9947640336883273
81,275,275,0,1.0
81,275,276,1,0.9944449785483376
81,275,277,2,0.9816254971444786
81,275,278,3,0.9670387485594134
81,275,279,4,0.9534645013366236
81,275,280,5,0.9414576605862751
82,450,445,-5,0.9574427035492022
82,450,446,-4,0.9660954274553601
82,450,447,-3,0.975171431033578
82,450,448,-2,0.9852818360968826
82,450,449,-1,0.9951446775107661
82,450,450,0,1.0
82,450,451,1,0.995448760590869
82,450,452,2,0.985607170643145
82,450,453,3,0.974105225745355
82,450,454,4,0.9622624211496533
82,450,455,5,0.9505623053212916
83,529,524,-5,0.9726851373354424
83,529,525,-4,0.9792640040124665
83,529,526,-3,0.9853901081156771
83,529,527,-2,0.9913920868531744
83,529,528,-1,0.9966864176412817
83,529,529,0,1.0
83,529,530,1,0.9963906461357684
83,529,531,2,0.9902407620893666
83,529,532,3,0.9839162449106879
83,529,533,4,0.9777562548582045
83,529,534,5,0.9711444269724078
84,237,232,-5,0.9262766308652608
84,237,233,-4,0.9385856978478867
84,237,234,-3,0.9535229554627145
84,237,235,-2,0.9701954697419656
84,237,236,-1,0.9885302681877064
84,237,237,0,1.0
84,237,238,1,0.9883203861578788
84,237,239,2,0.968159967637413
84,237,240,3,0.9501529471133799
84,237,241,4,0.9340077384084419
84,237,242,5,0.9182024946078023
84,393,388,-5,0.9072473109071209
84,393,389,-4,0.921602286293692
84,393,390,-3,0.9382832670080701
84,393,391,-2,0.958442950941326
84,393,392,-1,0.9833021002035356
84,393,393,0,1.0
84,393,394,1,0.9831310432713094
84,393,395,2,0.9591047411750291
84,393,396,3,0.9411883709147665
84,393,397,4,0.9260906134814897
84,393,398,5,0.911220406581343
84,522,517,-5,0.9361219246203561
84,522,518,-4,0.9465068466479278
84,522,519,-3,0.9567141773648414
84,522,520,-2,0.9699745709185619
84,522,521,-1,0.9875461974974555
84,522,522,0,1.0
84,522,523,1,0.9884359322677875
84,522,524,2,0.9715121035201342
84,522,525,3,0.9586852413193285
84,522,526,4,0.9482904117059417
84,522,527,5,0.9365007246402621
84,554,549,-5,0.9417180033469579
84,554,550,-4,0.9515533110169837
84,554,551,-3,0.9616614244789002
84,554,552,-2,0.9728409869505692
84,554,553,-1,0.989351615295569
84,554,554,0,1.0
84,554,555,1,0.9890491432756543
84,554,556,2,0.974538598423092
84,554,557,3,0.9642623227338806
84,554,558,4,0.9540470685138673
84,554,559,5,0.945386426409048
84,563,558,-5,0.9379067841758916
84,563,559,-4,0.9485027680484919
84,563,560,-3,0.9597761759278987
84,563,561,-2,0.9718756471904245
84,563,562,-1,0.9891820330689771
84,563,563,0,1.0
84,563,564,1,0.9890762248845828
84,563,565,2,0.9734854060589809
84,563,566,3,0.9610535555142345
84,563,567,4,0.9482295578983352
84,563,568,5,0.9371789584733724
84,650,645,-5,0.9226867302319532
84,650,646,-4,0.9390836383317781
84,650,647,-3,0.9561246605046625
84,650,648,-2,0.9734732134280697
84,650,649,-1,0.9910565965408088
84,650,650,0,1.0
84,650,651,1,0.991214294426555
84,650,652,2,0.9769317890689643
84,650,653,3,0.9633084018062669
84,650,654,4,0.9500543315458221
84,650,655,5,0.9391852215661258
85,177,172,-5,0.937148155431207
85,177,173,-4,0.9479391172529003
85,177,174,-3,0.9582239451455258
85,177,175,-2,0.9687842922711009
85,177,176,-1,0.9825988058275631
85,177,177,0,1.0
85,177,178,1,0.9827536936563
85,177,179,2,0.9693551697749834
85,177,180,3,0.9601058227012942
85,177,181,4,0.9499642282946575
85,177,182,5,0.9401679825445197
85,335,330,-5,0.917568981030026
85,335,331,-4,0.930981792458063
85,335,332,-3,0.9452536709270941
85,335,333,-2,0.9601767937967521
85,335,334,-1,0.9791623569217368
85,335,335,0,1.0
85,335,336,1,0.9791305321710296
85,335,337,2,0.9589352571956683
85,335,338,3,0.9399132327424589
85,335,339,4,0.9223960894583512
85,335,340,5,0.9079618744242248
85,417,412,-5,0.9330756224865285
85,417,413,-4,0.9441391780445069
85,417,414,-3,0.9552551284935175
85,417,415,-2,0.9657697519579557
85,417,416,-1,0.9803996725632048
85,417,417,0,1.0
85,417,418,1,0.9812544036965216
85,417,419,2,0.9669550286778092
85,417,420,3,0.9559406488476844
85,417,421,4,0.9443661038304713
85,417,422,5,0.9339598165066089
85,473,468,-5,0.9572320847376016
85,473,469,-4,0.9630155484991931
85,473,470,-3,0.9687996939233294
85,473,471,-2,0.9743974966162194
85,473,472,-1,0.9841438340789912
85,473,473,0,1.0
85,473,474,1,0.9837825194666491
85,473,475,2,0.9723112600634634
85,473,476,3,0.965215823310757
85,473,477,4,0.9576331565613131
85,473,478,5,0.949953913872534
85,519,514,-5,0.9573975233480511
85,519,515,-4,0.9636854548918287
85,519,516,-3,0.9697154877340118
85,519,517,-2,0.976326570690676
85,519,518,-1,0.9861856747738896
85,519,519,0,1.0
85,519,520,1,0.9861196590628177
85,519,521,2,0.9752991079357647
85,519,522,3,0.9681032681972219
85,519,523,4,0.9626098147603552
85,519,524,5,0.957240208562345
85,610,605,-5,0.9250163765470919
85,610,606,-4,0.9421434403843577
85,610,607,-3,0.959483634107319
85,610,608,-2,0.9758709174707472
85,610,609,-1,0.9902661749797275
85,610,610,0,1.0
85,610,611,1,0.9894091401130785
85,610,612,2,0.9743320208847301
85,610,613,3,0.962299044146248
85,610,614,4,0.9510358160801016
85,610,615,5,0.9395729834430748
86,516,511,-5,0.9421723038689653
86,516,512,-4,0.9531014691958307
86,516,513,-3,0.9647040974383735
86,516,514,-2,0.9769473685693155
86,516,515,-1,0.9907231536491169
86,516,516,0,1.0
86,516,517,1,0.9909632636275693
86,516,518,2,0.9780007034648321
86,516,519,3,0.9661300682595308
86,516,520,4,0.9540382556294479
86,516,521,5,0.9417031332814633
87,575,570,-5,0.9611082378061498
87,575,571,-4,0.9692233289350193
87,575,572,-3,0.9777127466524141
87,575,573,-2,0.986615543275403
87,575,574,-1,0.9954154014712352
87,575,575,0,1.0
87,575,576,1,0.9954616479691933
87,575,577,2,0.9857419623674981
87,575,578,3,0.9754701388079099
87,575,579,4,0.9665216574892206
87,575,580,5,0.9586806627738048
88,475,470,-5,0.9263282391433795
88,475,471,-4,0.9411748694209549
88,475,472,-3,0.9576898043212007
88,475,473,-2,0.975858294812235
88,475,474,-1,0.9920365717788084
88,475,475,0,1.0
88,475,476,1,0.9932051258241986
88,475,477,2,0.9794438828707713
88,475,478,3,0.9640342412404715
88,475,479,4,0.9499134030233313
88,475,480,5,0.9355845769739227
89,496,491,-5,0.9561861947421474
89,496,492,-4,0.966144716529568
89,496,493,-3,0.976050082157437
89,496,494,-2,0.9864313578506931
89,496,495,-1,0.9957551815462601
89,496,496,0,1.0
89,496,497,1,0.9954757710138619
89,496,498,2,0.9856576575937506
89,496,499,3,0.9753862804759565
89,496,500,4,0.9656315664681049
89,496,501,5,0.9561870574375181
90,430,425,-5,0.9555235303453435
90,430,426,-4,0.9660333265664461
90,430,427,-3,0.9770283993430622
90,430,428,-2,0.9875765918763256
90,430,429,-1,0.9961655611589998
90,430,430,0,1.0
90,430,431,1,0.996075826640743
90,430,432,2,0.9872999276511106
90,430,433,3,0.9768745051847572
90,430,434,4,0.965570102607922
90,430,435,5,0.954868370663466
91,470,465,-5,0.9340489035816363
91,470,466,-4,0.9483163240095582
91,470,467,-3,0.9635195606288925
91,470,468,-2,0.9790493056439247
91,470,469,-1,0.9934646590355007
91,470,470,0,1.0
91,470,471,1,0.9941209183383111
91,470,472,2,0.9810859166428872
91,470,473,3,0.9673747203357261
91,470,474,4,0.9552460505340762
91,470,475,5,0.9430722310379317
92,486,481,-5,0.9352535460701924
92,486,482,-4,0.9495631499138144
92,486,483,-3,0.9640532717714331
92,486,484,-2,0.9788158226801956
92,486,485,-1,0.9930517182716094
92,486,486,0,1.0
92,486,487,1,0.9931069105313295
92,486,488,2,0.9786700485476334
92,486,489,3,0.9625377484989355
92,486,490,4,0.9465678752437725
92,486,491,5,0.9310059674113482
93,422,417,-5,0.9649436148098989
93,422,418,-4,0.9729657384848076
93,422,419,-3,0.9813297371869601
93,422,420,-2,0.9891493061953484
93,422,421,-1,0.9965023619019295
93,422,422,0,1.0
93,422,423,1,0.9964220280945472
93,422,424,2,0.9882564053717764
93,422,425,3,0.9794525162618233
93,422,426,4,0.9708379067013864
93,422,427,5,0.9618865344954368
94,580,575,-5,0.9676671092584407
94,580,576,-4,0.9742825333883454
94,580,577,-3,0.9804761144312832
94,580,578,-2,0.9868986036384427
94,580,579,-1,0.994425578817189
94,580,580,0,1.0
94,580,581,1,0.994697791056905
94,580,582,2,0.987615920999284
94,580,583,3,0.9816118656158397
94,580,584,4,0.9759139867249608
94,580,585,5,0.9704093904476963
95,509,504,-5,0.9550601589365515
95,509,505,-4,0.9656279227884424
95,509,506,-3,0.9755863714084254
95,509,507,-2,0.9857850438715733
95,509,508,-1,0.9955446675278026
95,509,509,0,1.0
95,509,510,1,0.995476340964077
95,509,511,2,0.9859195805145774
95,509,512,3,0.9763037449478458
95,509,513,4,0.9673062093327927
95,509,514,5,0.9579840640546641
96,571,566,-5,0.9589324958435043
96,571,567,-4,0.9661374361548292
96,571,568,-3,0.973902686566166
96,571,569,-2,0.9828264075333883
96,571,570,-1,0.9931148732645169
96,571,571,0,1.0
96,571,572,1,0.9930552536802707
96,571,573,2,0.9825765495809181
96,571,574,3,0.9746033430191798
96,571,575,4,0.9679584991033586
96,571,576,5,0.9609169871497171
97,586,581,-5,0.9393904306716175
97,586,582,-4,0.9514681015628659
97,586,583,-3,0.9640451865722756
97,586,584,-2,0.977460056560543
97,586,585,-1,0.9916326740759326
97,586,586,0,1.0
97,586,587,1,0.9909353654712645
97,586,588,2,0.9742769219687666
97,586,589,3,0.958010667914603
97,586,590,4,0.9428549315425622
97,586,591,5,0.9289741926310547
98,551,546,-5,0.9499236011514955
98,551,547,-4,0.9593750333732676
98,551,548,-3,0.9694920376936098
98,551,549,-2,0.9815635291826162
98,551,550,-1,0.9933921282594598
98,551,551,0,1.0
98,551,552,1,0.9930343654348109
98,551,553,2,0.9806309738223548
98,551,554,3,0.9692523809053544
98,551,555,4,0.9607457009064471
98,551,556,5,0.9530676917461652
99,533,528,-5,0.9557169587233812
99,533,529,-4,0.9652504092065738
99,533,530,-3,0.9755055985089822
99,533,531,-2,0.985329000808016
99,533,532,-1,0.9943163804946868
99,533,533,0,1.0
99,533,534,1,0.994345610767223
99,533,535,2,0.9858152933455399
99,533,536,3,0.9778337571682484
99,533,537,4,0.9693264964558798
99,533,538,5,0.9606532955278595
100,558,553,-5,0.9560149382931131
100,558,554,-4,0.9645268197356243
100,558,555,-3,0.9728132593457918
100,558,556,-2,0.9809690109065909
100,558,557,-1,0.9903257194723418
100,558,558,0,1.0
100,558,559,1,0.9900142224270638
100,558,560,2,0.980774907611837
100,558,561,3,0.9715593256410494
100,558,562,4,0.9630346063686527
100,558,563,5,0.9544350232601497
101,557,552,-5,0.9383582607486107
101,557,553,-4,0.949442857045725
101,557,554,-3,0.9629229647595765
101,557,555,-2,0.9764601984401858
101,557,556,-1,0.9910085166355168
101,557,557,0,1.0
101,557,558,1,0.9914421555326663
101,557,559,2,0.9763727850362762
101,557,560,3,0.964015174521488
101,557,561,4,0.9517395775854446
101,557,562,5,0.9401568104147315
102,575,570,-5,0.9387713292337966
102,575,571,-4,0.9529647019187285
102,575,572,-3,0.9666643129214342
102,575,573,-2,0.9793339233884639
102,575,574,-1,0.9921235052501086
102,575,575,0,1.0
102,575,576,1,0.991788549689249
102,575,577,2,0.9782883032102593
102,575,578,3,0.9643894106866268
102,575,579,4,0.9504093273468716
102,575,580,5,0.9359101822501347
103,570,565,-5,0.9528575062046472
103,570,566,-4,0.9635487345208765
103,570,567,-3,0.9737030265490518
103,570,568,-2,0.9833465634357754
103,570,569,-1,0.9934352548397671
103,570,570,0,1.0
103,570,571,1,0.993353810384919
103,570,572,2,0.9828711063917778
103,570,573,3,0.9726196706386341
103,570,574,4,0.961909830585975
103,570,575,5,0.9501086637348494
104,394,389,-5,0.9834306324211649
104,394,390,-4,0.9872504181220944
104,394,391,-3,0.9910737667593312
104,394,392,-2,0.9949532091928626
104,394,393,-1,0.9984500019753174
104,394,394,0,1.0
104,394,395,1,0.9982561429723971
104,394,396,2,0.994440016949068
104,394,397,3,0.9900978644876441
104,394,398,4,0.9855332406293854
104,394,399,5,0.9812844832962218
105,574,569,-5,0.9456075907089411
105,574,570,-4,0.9583016312185221
105,574,571,-3,0.9706630646259025
105,574,572,-2,0.9825807779515676
105,574,573,-1,0.9939113892053958
105,574,574,0,1.0
105,574,575,1,0.9937808592505813
105,574,576,2,0.9821729070559035
105,574,577,3,0.9692355200387125
105,574,578,4,0.9550928797034824
105,574,579,5,0.9410597178017065
106,444,439,-5,0.9537616501028706
106,444,440,-4,0.9677630647364319
106,444,441,-3,0.9803725454384056
106,444,442,-2,0.9896002131171296
106,444,443,-1,0.9967179727130241
106,444,444,0,1.0
106,444,445,1,0.9963195370694268
106,444,446,2,0.9899540575349531
106,444,447,3,0.9826912864122831
106,444,448,4,0.9742656854612994
106,444,449,5,0.965488126009599
107,444,439,-5,0.9619982687363103
107,444,440,-4,0.9714738393392848
107,444,441,-3,0.9805621649276137
107,444,442,-2,0.9889013989091322
107,444,443,-1,0.996219654368851
107,444,444,0,1.0
107,444,445,1,0.9963331552495124
107,444,446,2,0.9884495796453474
107,444,447,3,0.9789501955456471
107,444,448,4,0.9694377940068533
107,444,449,5,0.9605236013031754
108,553,548,-5,0.9279770749136114
108,553,549,-4,0.9453364821498844
108,553,550,-3,0.9621492199402542
108,553,551,-2,0.9795843785345906
108,553,552,-1,0.9937260166005677
108,553,553,0,1.0
108,553,554,1,0.9942096650153543
108,553,555,2,0.9818738652326494
108,553,556,3,0.9687816129689496
108,553,557,4,0.9562727648876896
108,553,558,5,0.9430514429908525
109,437,432,-5,0.9374379647119866
109,437,433,-4,0.9514482722842431
109,437,434,-3,0.9656439362640998
109,437,435,-2,0.9800801728923965
109,437,436,-1,0.9939662457348732
109,437,437,0,1.0
109,437,438,1,0.9939135811015809
109,437,439,2,0.980586232005515
109,437,440,3,0.9646665172754522
109,437,441,4,0.9482211063923502
109,437,442,5,0.9331951938132378
110,492,487,-5,0.9490258906744173
110,492,488,-4,0.9597931494630904
110,492,489,-3,0.9714487677107937
110,492,490,-2,0.9834926138985426
110,492,491,-1,0.9944940678503752
110,492,492,0,1.0
110,492,493,1,0.9941135384694993
110,492,494,2,0.982003660555543
110,492,495,3,0.9685346689420297
110,492,496,4,0.954515690034074
110,492,497,5,0.9408913923814574
111,406,401,-5,0.9489076748902983
111,406,402,-4,0.9601256656412069
111,406,403,-3,0.971693573565874
111,406,404,-2,0.9836836435550805
111,406,405,-1,0.9948077923624734
111,406,406,0,1.0
111,406,407,1,0.9952953061853128
111,406,408,2,0.985209616400153
111,406,409,3,0.9744608799542782
111,406,410,4,0.9636160830323771
111,406,411,5,0.952003668118142
112,435,430,-5,0.9622124582672497
112,435,431,-4,0.9706409729173481
112,435,432,-3,0.9789051215165799
112,435,433,-2,0.9877819216267922
112,435,434,-1,0.9961385491267359
112,435,435,0,1.0
112,435,436,1,0.9959547739610871
112,435,437,2,0.9864325230780876
112,435,438,3,0.9758105647533201
112,435,439,4,0.9662718917613188
112,435,440,5,0.9558761775719373
113,510,505,-5,0.9585186242754781
113,510,506,-4,0.9684201502153498
113,510,507,-3,0.9780143371853022
113,510,508,-2,0.9875276183859489
113,510,509,-1,0.9961511836612924
113,510,510,0,1.0
113,510,511,1,0.9962048635880201
113,510,512,2,0.9872006332934746
113,510,513,3,0.9765443015374132
113,510,514,4,0.9658115499265164
113,510,515,5,0.9552266054582431
114,500,495,-5,0.9515408248552445
114,500,496,-4,0.9632091214463672
114,500,497,-3,0.9740592390880645
114,500,498,-2,0.9847068108784898
114,500,499,-1,0.9950706995454689
114,500,500,0,1.0
114,500,501,1,0.995584875169655
114,500,502,2,0.98620436693039
114,500,503,3,0.9759641609923004
114,500,504,4,0.9657699219277708
114,500,505,5,0.9554626479851682
115,528,523,-5,0.9540554268683376
115,528,524,-4,0.9648625991708264
115,528,525,-3,0.9759850379064512
115,528,526,-2,0.9868286893121064
115,528,527,-1,0.9958280451651981
115,528,528,0,1.0
115,528,529,1,0.9957553753994938
115,528,530,2,0.9859490567203439
115,528,531,3,0.9746236633373464
115,528,532,4,0.9626915890223683
115,528,533,5,0.9502393314401427
116,587,582,-5,0.9417756445930665
116,587,583,-4,0.9535806478380636
116,587,584,-3,0.9664022288113012
116,587,585,-2,0.9792754856612788
116,587,586,-1,0.9919616732853862
116,587,587,0,1.0
116,587,588,1,0.9917180855124214
116,587,589,2,0.9792557978256936
116,587,590,3,0.966173536313523
116,587,591,4,0.9524267937501705
116,587,592,5,0.9387123403411181
117,473,468,-5,0.9633014186030224
117,473,469,-4,0.9710560932842849
117,473,470,-3,0.9793542402710224
117,473,471,-2,0.9878791017386992
117,473,472,-1,0.9959407138683056
117,473,473,0,1.0
117,473,474,1,0.9957809850010598
117,473,475,2,0.9864273152220007
117,473,476,3,0.9750594029031991
117,473,477,4,0.9636433202969347
117,473,478,5,0.9527250624384861
118,274,269,-5,0.8899079823887782
118,274,270,-4,0.912338114586813
118,274,271,-3,0.9369169221753574
118,274,272,-2,0.962369145155004
118,274,273,-1,0.9868024098457027
118,274,274,0,1.0
118,274,275,1,0.987863417532966
118,274,276,2,0.9684179930478817
118,274,277,3,0.9497716215869403
118,274,278,4,0.9319276633825064
118,274,279,5,0.9147032196359826
119,293,288,-5,0.9392384345456959
119,293,289,-4,0.9486636872693099
119,293,290,-3,0.9614438141576153
119,293,291,-2,0.9755262811006511
119,293,292,-1,0.9909607644828149
119,293,293,0,1.0
119,293,294,1,0.9917901878567097
119,293,295,2,0.9772365085157209
119,293,296,3,0.9622115498567895
119,293,297,4,0.9473088364553236
119,293,298,5,0.9332544243929269
120,236,231,-5,0.9570132456019067
120,236,232,-4,0.9651982935728489
120,236,233,-3,0.9741723234790057
120,236,234,-2,0.9838419159792343
120,236,235,-1,0.9935825796017931
120,236,236,0,1.0
120,236,237,1,0.9938983826149007
120,236,238,2,0.9825753799178559
120,236,239,3,0.9704224339507828
120,236,240,4,0.959795463824571
120,236,241,5,0.9507711195130713
121,273,268,-5,0.9068785534353292
121,273,269,-4,0.9230355799549429
121,273,270,-3,0.9425149542524869
121,273,271,-2,0.9641612478549003
121,273,272,-1,0.986754838365378
121,273,273,0,1.0
121,273,274,1,0.9876799912227313
121,273,275,2,0.96490892840239
121,273,276,3,0.9444683762273545
121,273,277,4,0.9296197677113125
121,273,278,5,0.9117542694874916
122,234,229,-5,0.912885035711252
122,234,230,-4,0.9297504399848763
122,234,231,-3,0.9477388079645146
122,234,232,-2,0.9675836628694419
122,234,233,-1,0.9877040901073306
122,234,234,0,1.0
122,234,235,1,0.9877781142035033
122,234,236,2,0.9680492058892869
122,234,237,3,0.9479281480533541
122,234,238,4,0.9275383896443012
122,234,239,5,0.9065691275908182
123,255,250,-5,0.9325844038240917
123,255,251,-4,0.9446616667440156
123,255,252,-3,0.9582622361492318
123,255,253,-2,0.9737208288241437
123,255,254,-1,0.9900692081196029
123,255,255,0,1.0
123,255,256,1,0.9887187193274608
123,255,257,2,0.9699895363058804
123,255,258,3,0.9527075159380789
123,255,259,4,0.9392789524336144
123,255,260,5,0.9290554174825933
124,242,237,-5,0.9391589214166084
124,242,238,-4,0.9507709510226788
124,242,239,-3,0.9615535046238408
124,242,240,-2,0.977022936891853
124,242,241,-1,0.9918477760633393
124,242,242,0,1.0
124,242,243,1,0.9907138489608027
124,242,244,2,0.9754529511221822
124,242,245,3,0.9630623959370477
124,242,246,4,0.9511783209558697
124,242,247,5,0.9388360402009027
125,230,225,-5,0.9289583250500709
125,230,226,-4,0.9396010894513022
125,230,227,-3,0.9527957027364707
125,230,228,-2,0.9702206108019389
125,230,229,-1,0.9891301356703203
125,230,230,0,1.0
125,230,231,1,0.9888007571570528
125,230,232,2,0.9672267422164335
125,230,233,3,0.9446490069406696
125,230,234,4,0.9240345852376675
125,230,235,5,0.9063779453093748
126,252,247,-5,0.916190380436976
126,252,248,-4,0.9345303478267367
126,252,249,-3,0.9528542557574222
126,252,250,-2,0.9703839862927734
126,252,251,-1,0.9881463726386255
126,252,252,0,1.0
126,252,253,1,0.9884992911753132
126,252,254,2,0.968822116062127
126,252,255,3,0.9497421421392862
126,252,256,4,0.9332923925778418
126,252,257,5,0.9205147584976393
127,636,631,-5,0.9513710175493345
127,636,632,-4,0.9622462266169629
127,636,633,-3,0.9731629244967722
127,636,634,-2,0.9836677829187755
127,636,635,-1,0.9938056999620022
127,636,636,0,1.0
127,636,637,1,0.9937152708827128
127,636,638,2,0.9828722514905527
127,636,639,3,0.9719495781022037
127,636,640,4,0.9593951896733602
127,636,641,5,0.9456467258965149
128,530,525,-5,0.9468783359283658
128,530,526,-4,0.9570029517562028
128,530,527,-3,0.9671217991854602
128,530,528,-2,0.9770190370275639
128,530,529,-1,0.9887333559174263
128,530,530,0,1.0
128,530,531,1,0.9892586454947676
128,530,532,2,0.978565610866921
128,530,533,3,0.9687703462631192
128,530,534,4,0.9581012873405119
128,530,535,5,0.9481064445459327
129,212,207,-5,0.9473736976027823
129,212,208,-4,0.9559725067637179
129,212,209,-3,0.9644718415740648
129,212,210,-2,0.9740465333251626
129,212,211,-1,0.9880594496537493
129,212,212,0,1.0
129,212,213,1,0.9880809769754106
129,212,214,2,0.9742036879889595
129,212,215,3,0.9641260608147193
129,212,216,4,0.9533730929449672
129,212,217,5,0.9439475556436174
130,501,496,-5,0.9499087678507255
130,501,497,-4,0.9615758625649193
130,501,498,-3,0.9727198631131242
130,501,499,-2,0.9832343075592862
130,501,500,-1,0.9935705826209483
130,501,501,0,1.0
130,501,502,1,0.9935674866809223
130,501,503,2,0.9836063575339292
130,501,504,3,0.9738637072720043
130,501,505,4,0.9648962629828749
130,501,506,5,0.9551528587658575
