volume_id,true_pixels,predicted_pixels,intersection_pixels,micro_dice,positive_predicted_empty_pct,empty_slice_false_positive_pct,threshold
104,69032,6576,3015,0.07975346525394465,64.75409836065573,3.793626707132018,0.05000000074505806
105,0,1645,0,6.079027351927642e-10,0.0,1.9269776876267748,0.05000000074505806
106,0,1617,0,6.184291894753065e-10,0.0,3.8910505836575875,0.05000000074505806
107,1473,6608,698,0.17275089726856196,57.74647887323944,8.571428571428571,0.05000000074505806
108,363698,385050,286136,0.7643052135033892,9.405940594059405,0.0,0.05000000074505806
109,18200,24934,10076,0.46719525201773093,12.977099236641221,2.08,0.05000000074505806
110,31120,32377,20777,0.6544246184913551,16.923076923076923,0.8746355685131195,0.05000000074505806
111,1830,5281,1202,0.3380677824021842,46.73913043478261,3.587443946188341,0.05000000074505806
112,295,2853,160,0.1016518427250153,38.46153846153846,4.137931034482759,0.05000000074505806
113,21076,34629,13470,0.4836190647251841,17.037037037037038,1.854493580599144,0.05000000074505806
114,0,755,0,1.3245033095039691e-09,0.0,1.0638297872340425,0.05000000074505806
115,0,6173,0,1.619957880832665e-10,0.0,11.82033096926714,0.05000000074505806
116,152763,2666,1069,0.013755476783523308,93.23308270676692,1.5483870967741935,0.05000000074505806
104,69032,6139,2888,0.07683814238101346,64.75409836065573,3.793626707132018,0.10000000149011612
105,0,1527,0,6.548788469843622e-10,0.0,1.9269776876267748,0.10000000149011612
106,0,1506,0,6.640106237290765e-10,0.0,3.8910505836575875,0.10000000149011612
107,1473,6136,672,0.17663293479082234,57.74647887323944,8.571428571428571,0.10000000149011612
108,363698,364324,279741,0.7684960069891178,9.405940594059405,0.0,0.10000000149011612
109,18200,23189,9900,0.4783879774945423,12.977099236641221,2.08,0.10000000149011612
110,31120,30677,20341,0.6583167467731715,16.923076923076923,0.8746355685131195,0.10000000149011612
111,1830,4941,1199,0.3541574362200328,46.73913043478261,3.587443946188341,0.10000000149011612
112,295,2652,160,0.10858500199912284,38.46153846153846,4.0,0.10000000149011612
113,21076,32729,13275,0.4934485642692417,17.037037037037038,1.854493580599144,0.10000000149011612
114,0,707,0,1.4144271550008101e-09,0.0,1.0638297872340425,0.10000000149011612
115,0,5689,0,1.75777816808617e-10,0.0,11.702127659574469,0.10000000149011612
116,152763,2509,1019,0.01312535422347155,93.23308270676692,1.4193548387096775,0.10000000149011612
104,69032,5849,2807,0.07497228937814704,65.57377049180327,3.793626707132018,0.15000000596046448
105,0,1453,0,6.882312452248924e-10,0.0,1.9269776876267748,0.15000000596046448
106,0,1416,0,7.062146887667975e-10,0.0,3.8910505836575875,0.15000000596046448
107,1473,5816,660,0.18109480049648857,57.74647887323944,8.571428571428571,0.15000000596046448
108,363698,351460,275106,0.7693572609132956,9.405940594059405,0.0,0.15000000596046448
109,18200,22119,9769,0.48458543119907277,12.977099236641221,2.08,0.15000000596046448
110,31120,29512,20028,0.6606412455525029,16.923076923076923,0.8746355685131195,0.15000000596046448
111,1830,4648,1195,0.3689410312798794,46.73913043478261,3.587443946188341,0.15000000596046448
112,295,2499,160,0.11453113847010339,38.46153846153846,4.0,0.15000000596046448
113,21076,31463,13130,0.49981918195055447,17.037037037037038,1.854493580599144,0.15000000596046448
114,0,667,0,1.499250372564842e-09,0.0,1.0638297872340425,0.15000000596046448
115,0,5337,0,1.873711822770524e-10,0.0,11.583924349881796,0.15000000596046448
116,152763,2388,984,0.012684417122592285,93.23308270676692,1.4193548387096775,0.15000000596046448
104,69032,5616,2753,0.07375951131880615,65.57377049180327,3.793626707132018,0.20000000298023224
105,0,1393,0,7.178750892190415e-10,0.0,1.9269776876267748,0.20000000298023224
106,0,1344,0,7.440476184940121e-10,0.0,3.761348897535668,0.20000000298023224
107,1473,5586,643,0.18217877897971685,57.74647887323944,8.571428571428571,0.20000000298023224
108,363698,342105,271432,0.7691437979156094,9.405940594059405,0.0,0.20000000298023224
109,18200,21329,9668,0.4891598573328655,12.977099236641221,2.08,0.20000000298023224
110,31120,28597,19769,0.6620895222522549,16.923076923076923,0.8746355685131195,0.20000000298023224
111,1830,4467,1184,0.37605208839510046,46.73913043478261,3.587443946188341,0.20000000298023224
112,295,2366,160,0.12025554335954321,38.46153846153846,4.0,0.20000000298023224
113,21076,30432,12999,0.5047371282227083,17.037037037037038,1.854493580599144,0.20000000298023224
114,0,635,0,1.5748031471262943e-09,0.0,1.0638297872340425,0.20000000298023224
115,0,5050,0,1.9801980194098615e-10,0.0,11.465721040189125,0.20000000298023224
116,152763,2310,963,0.012419957058853444,93.23308270676692,1.4193548387096775,0.20000000298023224
104,69032,5218,2656,0.07154208755459204,65.57377049180327,3.793626707132018,0.30000001192092896
105,0,1301,0,7.686395074799081e-10,0.0,1.9269776876267748,0.30000001192092896
106,0,1234,0,8.103727708181743e-10,0.0,3.761348897535668,0.30000001192092896
107,1473,5227,617,0.18417910459937625,57.74647887323944,8.571428571428571,0.30000001192092896
108,363698,326795,264939,0.767390835244141,9.405940594059405,0.0,0.30000001192092896
109,18200,19993,9471,0.4959547561203374,12.977099236641221,2.08,0.30000001192092896
110,31120,27032,19285,0.6632617966765845,16.923076923076923,0.8746355685131195,0.30000001192092896
111,1830,4158,1166,0.3894455578841941,47.82608695652174,3.587443946188341,0.30000001192092896
112,295,2167,159,0.12916328223835774,38.46153846153846,3.7241379310344827,0.30000001192092896
113,21076,28869,12783,0.5118830713882895,17.037037037037038,1.854493580599144,0.30000001192092896
114,0,593,0,1.6863406379656987e-09,0.0,1.0638297872340425,0.30000001192092896
115,0,4610,0,2.1691973964925817e-10,0.0,11.465721040189125,0.30000001192092896
116,152763,2182,913,0.011784826880429929,93.23308270676692,1.4193548387096775,0.30000001192092896
104,69032,5062,2620,0.07072097606998246,65.57377049180327,3.793626707132018,0.3499999940395355
105,0,1245,0,8.032128507604715e-10,0.0,1.9269776876267748,0.3499999940395355
106,0,1199,0,8.340283562685334e-10,0.0,3.761348897535668,0.3499999940395355
107,1473,5052,605,0.1854406131516566,57.74647887323944,8.571428571428571,0.3499999940395355
108,363698,320094,261828,0.76581182581872,9.405940594059405,0.0,0.3499999940395355
109,18200,19401,9384,0.4991356612989246,12.977099236641221,2.08,0.3499999940395355
110,31120,26369,19059,0.6630485832130834,16.923076923076923,0.8746355685131195,0.3499999940395355
111,1830,3994,1158,0.3976648352682581,48.91304347826087,3.587443946188341,0.3499999940395355
112,295,2093,159,0.13316582950872452,38.46153846153846,3.7241379310344827,0.3499999940395355
113,21076,28170,12691,0.5154124192926245,17.037037037037038,1.854493580599144,0.3499999940395355
114,0,581,0,1.7211703929067634e-09,0.0,1.0638297872340425,0.3499999940395355
115,0,4441,0,2.2517451019473663e-10,0.0,11.229314420803783,0.3499999940395355
116,152763,2112,886,0.011441485074986657,93.23308270676692,1.4193548387096775,0.3499999940395355
104,69032,4902,2567,0.06944031164187736,65.57377049180327,3.793626707132018,0.4000000059604645
105,0,1211,0,8.257638308622923e-10,0.0,1.8255578093306288,0.4000000059604645
106,0,1162,0,8.605851971939885e-10,0.0,3.761348897535668,0.4000000059604645
107,1473,4895,590,0.18530150766562478,59.15492957746479,8.571428571428571,0.4000000059604645
108,363698,313504,258570,0.7636421629000452,9.405940594059405,0.0,0.4000000059604645
109,18200,18851,9287,0.5013090065180074,12.977099236641221,2.08,0.4000000059604645
110,31120,25807,18883,0.6634110351913255,16.923076923076923,0.8746355685131195,0.4000000059604645
111,1830,3879,1156,0.4049746016106192,50.0,3.587443946188341,0.4000000059604645
112,295,2026,159,0.1370099098935761,38.46153846153846,3.7241379310344827,0.4000000059604645
113,21076,27514,12590,0.5182136242124261,17.037037037037038,1.854493580599144,0.4000000059604645
114,0,569,0,1.7574692411995267e-09,0.0,1.0638297872340425,0.4000000059604645
115,0,4285,0,2.333722286503215e-10,0.0,11.229314420803783,0.4000000059604645
116,152763,2052,869,0.011226302367269151,93.23308270676692,1.4193548387096775,0.4000000059604645
104,69032,4763,2520,0.06829731012848707,65.57377049180327,3.793626707132018,0.44999998807907104
105,0,1180,0,8.474576264004595e-10,0.0,1.8255578093306288,0.44999998807907104
106,0,1132,0,8.833922253680279e-10,0.0,3.761348897535668,0.44999998807907104
107,1473,4749,580,0.18643522996039294,59.15492957746479,8.571428571428571,0.44999998807907104
108,363698,307059,255227,0.7610118120276628,9.405940594059405,0.0,0.44999998807907104
109,18200,18313,9201,0.5039848821103721,12.977099236641221,2.08,0.44999998807907104
110,31120,25270,18679,0.6624933498907165,16.923076923076923,0.8746355685131195,0.44999998807907104
111,1830,3764,1147,0.41008223106720015,50.0,3.587443946188341,0.44999998807907104
112,295,1941,158,0.14132379287060653,38.46153846153846,3.7241379310344827,0.44999998807907104
113,21076,26917,12504,0.521075990258557,17.037037037037038,1.854493580599144,0.44999998807907104
114,0,553,0,1.8083182607444515e-09,0.0,1.0638297872340425,0.44999998807907104
115,0,4129,0,2.421893920459701e-10,0.0,11.229314420803783,0.44999998807907104
116,152763,2005,851,0.010997105351164342,93.98496240601504,1.4193548387096775,0.44999998807907104
104,69032,4614,2474,0.06718626946382444,65.57377049180327,3.793626707132018,0.5
105,0,1149,0,8.703220183896238e-10,0.0,1.8255578093306288,0.5
106,0,1095,0,9.13242008298409e-10,0.0,3.761348897535668,0.5
107,1473,4598,566,0.18646022085546696,59.15492957746479,8.571428571428571,0.5
108,363698,300552,251694,0.7578291305987839,9.405940594059405,0.0,0.5
109,18200,17729,9103,0.5067215898158389,12.977099236641221,2.08,0.5
110,31120,24686,18450,0.6612192237454535,16.923076923076923,0.8746355685131195,0.5
111,1830,3653,1138,0.4151012220654566,50.0,3.587443946188341,0.5
112,295,1873,158,0.14575645795859943,38.46153846153846,3.7241379310344827,0.5
113,21076,26315,12418,0.5240657508910117,17.037037037037038,1.854493580599144,0.5
114,0,542,0,1.8450184467804088e-09,0.0,1.0638297872340425,0.5
115,0,3971,0,2.518257365268633e-10,0.0,11.229314420803783,0.5
116,152763,1965,834,0.01078020785500504,93.98496240601504,1.4193548387096775,0.5
104,69032,4474,2424,0.06595379970252832,65.57377049180327,3.793626707132018,0.550000011920929
105,0,1125,0,8.888888880987653e-10,0.0,1.8255578093306288,0.550000011920929
106,0,1052,0,9.505703413017391e-10,0.0,3.761348897535668,0.550000011920929
107,1473,4449,551,0.18608578196790176,59.15492957746479,8.428571428571429,0.550000011920929
108,363698,294345,248241,0.7544826097994288,9.405940594059405,0.0,0.550000011920929
109,18200,17174,8993,0.5084525357746239,12.977099236641221,2.08,0.550000011920929
110,31120,24142,18247,0.6603814556175965,16.923076923076923,0.8746355685131195,0.550000011920929
111,1830,3551,1129,0.41962460519984673,50.0,3.587443946188341,0.550000011920929
112,295,1823,157,0.14825306933510243,38.46153846153846,3.7241379310344827,0.550000011920929
113,21076,25756,12321,0.5261786812537116,17.037037037037038,1.854493580599144,0.550000011920929
114,0,526,0,1.9011406807963103e-09,0.0,1.0638297872340425,0.550000011920929
115,0,3815,0,2.621231978343058e-10,0.0,11.229314420803783,0.550000011920929
116,152763,1916,821,0.010615532819512568,93.98496240601504,1.4193548387096775,0.550000011920929
104,69032,4330,2368,0.06455658243962056,66.39344262295081,3.793626707132018,0.6000000238418579
105,0,1086,0,9.208103122276146e-10,0.0,1.8255578093306288,0.6000000238418579
106,0,1004,0,9.960159352629322e-10,0.0,3.761348897535668,0.6000000238418579
107,1473,4313,529,0.18285516778727012,59.15492957746479,8.428571428571429,0.6000000238418579
108,363698,288419,244791,0.7507579161411975,9.405940594059405,0.0,0.6000000238418579
109,18200,16695,8908,0.5105602521991529,12.977099236641221,2.08,0.6000000238418579
110,31120,23612,18018,0.658408243812424,16.923076923076923,0.8746355685131195,0.6000000238418579
111,1830,3452,1122,0.42483907621642575,51.08695652173913,3.587443946188341,0.6000000238418579
112,295,1767,155,0.15033947664871994,38.46153846153846,3.586206896551724,0.6000000238418579
113,21076,25167,12213,0.528209674988037,17.037037037037038,1.854493580599144,0.6000000238418579
114,0,507,0,1.972386583880894e-09,0.0,1.0638297872340425,0.6000000238418579
115,0,3660,0,2.732240436411956e-10,0.0,11.229314420803783,0.6000000238418579
116,152763,1873,806,0.010424480722403422,93.98496240601504,1.4193548387096775,0.6000000238418579
104,69032,4031,2256,0.061754923845698174,66.39344262295081,3.793626707132018,0.699999988079071
105,0,995,0,1.0050251246180652e-09,0.0,1.8255578093306288,0.699999988079071
106,0,938,0,1.066098079886889e-09,0.0,3.761348897535668,0.699999988079071
107,1473,4033,504,0.18307301140881346,59.15492957746479,8.285714285714286,0.699999988079071
108,363698,276246,237387,0.7418992911883823,9.405940594059405,0.0,0.699999988079071
109,18200,15674,8670,0.5118970301850417,12.977099236641221,2.08,0.699999988079071
110,31120,22586,17593,0.6551595724936663,16.923076923076923,0.8746355685131195,0.699999988079071
111,1830,3221,1096,0.4339734707119434,51.08695652173913,3.587443946188341,0.699999988079071
112,295,1627,152,0.15816857483966254,38.46153846153846,3.586206896551724,0.699999988079071
113,21076,23952,11986,0.5323798525465848,17.037037037037038,1.854493580599144,0.699999988079071
114,0,479,0,2.0876826678754016e-09,0.0,1.0638297872340425,0.699999988079071
115,0,3350,0,2.9850746259746044e-10,0.0,11.229314420803783,0.699999988079071
116,152763,1780,769,0.00995192277223846,93.98496240601504,1.4193548387096775,0.699999988079071
